term,count,initial_drug,interaction_drug,reaction
1,6021,SYMBICORT,SYMBICORT,DYSPNOEA
2,4949,SYMBICORT,SYMBICORT,DYSPNOEA
1,4486,SYMBICORT,SYMBICORT,ASTHMA
2,1255,SYMBICORT,SYMBICORT,ASTHMA
1,2637,SYMBICORT,SYMBICORT,COUGH
2,1766,SYMBICORT,SYMBICORT,COUGH
2,6109,SYMBICORT,SYMBICORT,DRUG INEFFECTIVE
1,4952,SYMBICORT,SYMBICORT,DRUG INEFFECTIVE
2,2489,SYMBICORT,SYMBICORT,OFF LABEL USE
1,1505,SYMBICORT,SYMBICORT,OFF LABEL USE
2,6109,SYMBICORT,SYMBICORT,DRUG DOSE OMISSION
1,4952,SYMBICORT,SYMBICORT,DRUG DOSE OMISSION
1,3204,SYMBICORT,SYMBICORT,PNEUMONIA
2,292,SYMBICORT,SYMBICORT,PNEUMONIA
1,2177,SYMBICORT,SYMBICORT,MALAISE
2,1285,SYMBICORT,SYMBICORT,MALAISE
1,2076,SYMBICORT,SYMBICORT,FATIGUE
2,1065,SYMBICORT,SYMBICORT,FATIGUE
2,3254,SYMBICORT,SYMBICORT,INTENTIONAL PRODUCT MISUSE
1,1446,SYMBICORT,SYMBICORT,INTENTIONAL PRODUCT MISUSE
1,1905,SYMBICORT,SPIRIVA,DYSPNOEA
2,866,SYMBICORT,SPIRIVA,DYSPNOEA
1,1480,SYMBICORT,SPIRIVA,ASTHMA
2,73,SYMBICORT,SPIRIVA,ASTHMA
1,817,SYMBICORT,SPIRIVA,COUGH
2,265,SYMBICORT,SPIRIVA,COUGH
1,991,SYMBICORT,SPIRIVA,PNEUMONIA
2,49,SYMBICORT,SPIRIVA,PNEUMONIA
1,1032,SYMBICORT,SPIRIVA,CHRONIC OBSTRUCTIVE PULMONARY DISEASE
2,152,SYMBICORT,SPIRIVA,CHRONIC OBSTRUCTIVE PULMONARY DISEASE
1,1070,SYMBICORT,SPIRIVA,DRUG INEFFECTIVE
2,834,SYMBICORT,SPIRIVA,DRUG INEFFECTIVE
1,736,SYMBICORT,SPIRIVA,WHEEZING
2,85,SYMBICORT,SPIRIVA,WHEEZING
1,555,SYMBICORT,SPIRIVA,FATIGUE
2,193,SYMBICORT,SPIRIVA,FATIGUE
1,607,SYMBICORT,SPIRIVA,MALAISE
2,131,SYMBICORT,SPIRIVA,MALAISE
1,452,SYMBICORT,SPIRIVA,PRODUCTIVE COUGH
2,68,SYMBICORT,SPIRIVA,PRODUCTIVE COUGH
1,1351,SYMBICORT,SINGULAIR,ASTHMA
2,156,SYMBICORT,SINGULAIR,ASTHMA
1,1121,SYMBICORT,SINGULAIR,DYSPNOEA
2,285,SYMBICORT,SINGULAIR,DYSPNOEA
1,716,SYMBICORT,SINGULAIR,COUGH
2,149,SYMBICORT,SINGULAIR,COUGH
1,706,SYMBICORT,SINGULAIR,WHEEZING
2,76,SYMBICORT,SINGULAIR,WHEEZING
1,441,SYMBICORT,SINGULAIR,FATIGUE
2,136,SYMBICORT,SINGULAIR,FATIGUE
1,468,SYMBICORT,SINGULAIR,MALAISE
2,83,SYMBICORT,SINGULAIR,MALAISE
1,508,SYMBICORT,SINGULAIR,PNEUMONIA
2,15,SYMBICORT,SINGULAIR,PNEUMONIA
1,700,SYMBICORT,SINGULAIR,DRUG INEFFECTIVE
2,403,SYMBICORT,SINGULAIR,DRUG INEFFECTIVE
1,370,SYMBICORT,SINGULAIR,HEADACHE
2,142,SYMBICORT,SINGULAIR,HEADACHE
1,409,SYMBICORT,SINGULAIR,PRODUCTIVE COUGH
2,21,SYMBICORT,SINGULAIR,PRODUCTIVE COUGH
1,1246,SYMBICORT,PREDNISONE.,DYSPNOEA
2,204,SYMBICORT,PREDNISONE.,DYSPNOEA
1,1308,SYMBICORT,PREDNISONE.,ASTHMA
2,84,SYMBICORT,PREDNISONE.,ASTHMA
1,694,SYMBICORT,PREDNISONE.,COUGH
2,105,SYMBICORT,PREDNISONE.,COUGH
1,650,SYMBICORT,PREDNISONE.,WHEEZING
2,41,SYMBICORT,PREDNISONE.,WHEEZING
1,583,SYMBICORT,PREDNISONE.,PNEUMONIA
2,12,SYMBICORT,PREDNISONE.,PNEUMONIA
1,424,SYMBICORT,PREDNISONE.,FATIGUE
2,128,SYMBICORT,PREDNISONE.,FATIGUE
1,460,SYMBICORT,PREDNISONE.,MALAISE
2,71,SYMBICORT,PREDNISONE.,MALAISE
1,684,SYMBICORT,PREDNISONE.,DRUG INEFFECTIVE
2,232,SYMBICORT,PREDNISONE.,DRUG INEFFECTIVE
1,376,SYMBICORT,PREDNISONE.,PRODUCTIVE COUGH
2,24,SYMBICORT,PREDNISONE.,PRODUCTIVE COUGH
1,288,SYMBICORT,PREDNISONE.,HEADACHE
2,108,SYMBICORT,PREDNISONE.,HEADACHE
1,1233,SYMBICORT,VENTOLIN,DYSPNOEA
2,295,SYMBICORT,VENTOLIN,DYSPNOEA
1,1203,SYMBICORT,VENTOLIN,ASTHMA
2,81,SYMBICORT,VENTOLIN,ASTHMA
1,734,SYMBICORT,VENTOLIN,COUGH
2,94,SYMBICORT,VENTOLIN,COUGH
1,599,SYMBICORT,VENTOLIN,WHEEZING
2,44,SYMBICORT,VENTOLIN,WHEEZING
1,548,SYMBICORT,VENTOLIN,MALAISE
2,60,SYMBICORT,VENTOLIN,MALAISE
1,485,SYMBICORT,VENTOLIN,FATIGUE
2,55,SYMBICORT,VENTOLIN,FATIGUE
1,524,SYMBICORT,VENTOLIN,PNEUMONIA
2,15,SYMBICORT,VENTOLIN,PNEUMONIA
1,712,SYMBICORT,VENTOLIN,DRUG INEFFECTIVE
2,293,SYMBICORT,VENTOLIN,DRUG INEFFECTIVE
1,455,SYMBICORT,VENTOLIN,NASOPHARYNGITIS
2,42,SYMBICORT,VENTOLIN,NASOPHARYNGITIS
1,388,SYMBICORT,VENTOLIN,HEADACHE
2,49,SYMBICORT,VENTOLIN,HEADACHE
2,32,SYMBICORT,PROAIR HFA,DYSPNOEA
1,19,SYMBICORT,PROAIR HFA,DYSPNOEA
2,18,SYMBICORT,PROAIR HFA,PRODUCT QUALITY ISSUE
1,8,SYMBICORT,PROAIR HFA,PRODUCT QUALITY ISSUE
2,10,SYMBICORT,PROAIR HFA,OFF LABEL USE
1,8,SYMBICORT,PROAIR HFA,OFF LABEL USE
2,29,SYMBICORT,PROAIR HFA,DRUG DOSE OMISSION
1,21,SYMBICORT,PROAIR HFA,DRUG DOSE OMISSION
2,29,SYMBICORT,PROAIR HFA,DRUG INEFFECTIVE
1,21,SYMBICORT,PROAIR HFA,DRUG INEFFECTIVE
2,10,SYMBICORT,PROAIR HFA,HEADACHE
1,3,SYMBICORT,PROAIR HFA,HEADACHE
1,6,SYMBICORT,PROAIR HFA,ASTHMA
2,5,SYMBICORT,PROAIR HFA,ASTHMA
1,12,SYMBICORT,PROAIR HFA,INTENTIONAL DRUG MISUSE
2,5,SYMBICORT,PROAIR HFA,INTENTIONAL DRUG MISUSE
1,10,SYMBICORT,PROAIR HFA,PNEUMONIA
2,1,SYMBICORT,PROAIR HFA,PNEUMONIA
2,6,SYMBICORT,PROAIR HFA,WHEEZING
1,5,SYMBICORT,PROAIR HFA,WHEEZING
1,319,SYMBICORT,OMEPRAZOLE.,DYSPNOEA
2,127,SYMBICORT,OMEPRAZOLE.,DYSPNOEA
1,162,SYMBICORT,OMEPRAZOLE.,FATIGUE
2,99,SYMBICORT,OMEPRAZOLE.,FATIGUE
1,150,SYMBICORT,OMEPRAZOLE.,COUGH
2,85,SYMBICORT,OMEPRAZOLE.,COUGH
1,225,SYMBICORT,OMEPRAZOLE.,PNEUMONIA
2,9,SYMBICORT,OMEPRAZOLE.,PNEUMONIA
1,131,SYMBICORT,OMEPRAZOLE.,NAUSEA
2,80,SYMBICORT,OMEPRAZOLE.,NAUSEA
1,115,SYMBICORT,OMEPRAZOLE.,OFF LABEL USE
2,94,SYMBICORT,OMEPRAZOLE.,OFF LABEL USE
1,121,SYMBICORT,OMEPRAZOLE.,HEADACHE
2,70,SYMBICORT,OMEPRAZOLE.,HEADACHE
1,126,SYMBICORT,OMEPRAZOLE.,DIARRHOEA
2,57,SYMBICORT,OMEPRAZOLE.,DIARRHOEA
1,241,SYMBICORT,OMEPRAZOLE.,DRUG INEFFECTIVE
2,223,SYMBICORT,OMEPRAZOLE.,DRUG INEFFECTIVE
1,126,SYMBICORT,OMEPRAZOLE.,MALAISE
2,38,SYMBICORT,OMEPRAZOLE.,MALAISE
1,638,SYMBICORT,NEXIUM,CHRONIC KIDNEY DISEASE
2,63,SYMBICORT,NEXIUM,CHRONIC KIDNEY DISEASE
1,254,SYMBICORT,NEXIUM,DYSPNOEA
2,165,SYMBICORT,NEXIUM,DYSPNOEA
1,410,SYMBICORT,NEXIUM,DRUG DOSE OMISSION
2,366,SYMBICORT,NEXIUM,DRUG DOSE OMISSION
1,417,SYMBICORT,NEXIUM,RENAL FAILURE
2,3,SYMBICORT,NEXIUM,RENAL FAILURE
1,182,SYMBICORT,NEXIUM,MALAISE
2,110,SYMBICORT,NEXIUM,MALAISE
1,333,SYMBICORT,NEXIUM,ACUTE KIDNEY INJURY
2,2,SYMBICORT,NEXIUM,ACUTE KIDNEY INJURY
1,173,SYMBICORT,NEXIUM,ASTHMA
2,91,SYMBICORT,NEXIUM,ASTHMA
1,149,SYMBICORT,NEXIUM,GASTROOESOPHAGEAL REFLUX DISEASE
2,113,SYMBICORT,NEXIUM,GASTROOESOPHAGEAL REFLUX DISEASE
1,219,SYMBICORT,NEXIUM,PNEUMONIA
2,21,SYMBICORT,NEXIUM,PNEUMONIA
1,410,SYMBICORT,NEXIUM,DRUG INEFFECTIVE
2,366,SYMBICORT,NEXIUM,DRUG INEFFECTIVE
1,356,SYMBICORT,ALBUTEROL.,DYSPNOEA
2,292,SYMBICORT,ALBUTEROL.,DYSPNOEA
2,164,SYMBICORT,ALBUTEROL.,OFF LABEL USE
1,131,SYMBICORT,ALBUTEROL.,OFF LABEL USE
2,222,SYMBICORT,ALBUTEROL.,INTENTIONAL PRODUCT MISUSE
1,132,SYMBICORT,ALBUTEROL.,INTENTIONAL PRODUCT MISUSE
1,241,SYMBICORT,ALBUTEROL.,PNEUMONIA
2,25,SYMBICORT,ALBUTEROL.,PNEUMONIA
1,313,SYMBICORT,ALBUTEROL.,CHRONIC OBSTRUCTIVE PULMONARY DISEASE
2,53,SYMBICORT,ALBUTEROL.,CHRONIC OBSTRUCTIVE PULMONARY DISEASE
1,154,SYMBICORT,ALBUTEROL.,ASTHMA
2,81,SYMBICORT,ALBUTEROL.,ASTHMA
2,316,SYMBICORT,ALBUTEROL.,DRUG DOSE OMISSION
1,282,SYMBICORT,ALBUTEROL.,DRUG DOSE OMISSION
1,125,SYMBICORT,ALBUTEROL.,COUGH
2,98,SYMBICORT,ALBUTEROL.,COUGH
1,126,SYMBICORT,ALBUTEROL.,FATIGUE
2,97,SYMBICORT,ALBUTEROL.,FATIGUE
1,112,SYMBICORT,ALBUTEROL.,HEADACHE
2,95,SYMBICORT,ALBUTEROL.,HEADACHE
1,1196,SYMBICORT,XOLAIR,ASTHMA
2,45,SYMBICORT,XOLAIR,ASTHMA
1,962,SYMBICORT,XOLAIR,DYSPNOEA
2,44,SYMBICORT,XOLAIR,DYSPNOEA
1,722,SYMBICORT,XOLAIR,COUGH
2,33,SYMBICORT,XOLAIR,COUGH
1,601,SYMBICORT,XOLAIR,WHEEZING
2,26,SYMBICORT,XOLAIR,WHEEZING
1,582,SYMBICORT,XOLAIR,MALAISE
2,23,SYMBICORT,XOLAIR,MALAISE
1,544,SYMBICORT,XOLAIR,NASOPHARYNGITIS
2,16,SYMBICORT,XOLAIR,NASOPHARYNGITIS
1,508,SYMBICORT,XOLAIR,FATIGUE
2,37,SYMBICORT,XOLAIR,FATIGUE
1,415,SYMBICORT,XOLAIR,HEADACHE
2,34,SYMBICORT,XOLAIR,HEADACHE
1,432,SYMBICORT,XOLAIR,PRODUCTIVE COUGH
2,7,SYMBICORT,XOLAIR,PRODUCTIVE COUGH
1,562,SYMBICORT,XOLAIR,WEIGHT DECREASED
2,14,SYMBICORT,XOLAIR,WEIGHT DECREASED
1,323,SYMBICORT,ASPIRIN.,DYSPNOEA
2,130,SYMBICORT,ASPIRIN.,DYSPNOEA
1,226,SYMBICORT,ASPIRIN.,PNEUMONIA
2,11,SYMBICORT,ASPIRIN.,PNEUMONIA
1,119,SYMBICORT,ASPIRIN.,FATIGUE
2,83,SYMBICORT,ASPIRIN.,FATIGUE
1,387,SYMBICORT,ASPIRIN.,CHRONIC OBSTRUCTIVE PULMONARY DISEASE
2,18,SYMBICORT,ASPIRIN.,CHRONIC OBSTRUCTIVE PULMONARY DISEASE
1,387,SYMBICORT,ASPIRIN.,CHRONIC KIDNEY DISEASE
2,18,SYMBICORT,ASPIRIN.,CHRONIC KIDNEY DISEASE
1,113,SYMBICORT,ASPIRIN.,COUGH
2,65,SYMBICORT,ASPIRIN.,COUGH
1,98,SYMBICORT,ASPIRIN.,OFF LABEL USE
2,82,SYMBICORT,ASPIRIN.,OFF LABEL USE
1,107,SYMBICORT,ASPIRIN.,INTENTIONAL PRODUCT MISUSE
2,95,SYMBICORT,ASPIRIN.,INTENTIONAL PRODUCT MISUSE
1,235,SYMBICORT,ASPIRIN.,DRUG DOSE OMISSION
2,198,SYMBICORT,ASPIRIN.,DRUG DOSE OMISSION
1,225,SYMBICORT,ASPIRIN.,RENAL FAILURE
2,3,SYMBICORT,ASPIRIN.,RENAL FAILURE
1,1972,TAGRISSO,TAGRISSO,DEATH
2,1,TAGRISSO,TAGRISSO,DEATH
1,773,TAGRISSO,TAGRISSO,MALIGNANT NEOPLASM PROGRESSION
1,324,TAGRISSO,TAGRISSO,DIARRHOEA
2,135,TAGRISSO,TAGRISSO,DIARRHOEA
1,301,TAGRISSO,TAGRISSO,INTERSTITIAL LUNG DISEASE
2,1,TAGRISSO,TAGRISSO,INTERSTITIAL LUNG DISEASE
1,187,TAGRISSO,TAGRISSO,RASH
2,96,TAGRISSO,TAGRISSO,RASH
1,473,TAGRISSO,TAGRISSO,DECREASED APPETITE
2,127,TAGRISSO,TAGRISSO,DECREASED APPETITE
1,133,TAGRISSO,TAGRISSO,FATIGUE
2,104,TAGRISSO,TAGRISSO,FATIGUE
1,144,TAGRISSO,TAGRISSO,NAUSEA
2,56,TAGRISSO,TAGRISSO,NAUSEA
1,162,TAGRISSO,TAGRISSO,DYSPNOEA
2,30,TAGRISSO,TAGRISSO,DYSPNOEA
1,123,TAGRISSO,TAGRISSO,OFF LABEL USE
2,45,TAGRISSO,TAGRISSO,OFF LABEL USE
1,159,TAGRISSO,IRESSA,MALIGNANT NEOPLASM PROGRESSION
1,113,TAGRISSO,IRESSA,DRUG RESISTANCE
2,2,TAGRISSO,IRESSA,DRUG RESISTANCE
1,46,TAGRISSO,IRESSA,DIARRHOEA
2,5,TAGRISSO,IRESSA,DIARRHOEA
1,78,TAGRISSO,IRESSA,METASTASES TO CENTRAL NERVOUS SYSTEM
1,40,TAGRISSO,IRESSA,DEATH
1,36,TAGRISSO,IRESSA,RASH
2,2,TAGRISSO,IRESSA,RASH
1,52,TAGRISSO,IRESSA,DECREASED APPETITE
2,2,TAGRISSO,IRESSA,DECREASED APPETITE
1,27,TAGRISSO,IRESSA,OFF LABEL USE
2,1,TAGRISSO,IRESSA,OFF LABEL USE
1,29,TAGRISSO,IRESSA,PLEURAL EFFUSION
1,113,TAGRISSO,IRESSA,DRUG INEFFECTIVE
2,2,TAGRISSO,IRESSA,DRUG INEFFECTIVE
1,25,TAGRISSO,AMLODIPINE,INTERSTITIAL LUNG DISEASE
1,14,TAGRISSO,AMLODIPINE,DIARRHOEA
2,3,TAGRISSO,AMLODIPINE,DIARRHOEA
1,23,TAGRISSO,AMLODIPINE,DECREASED APPETITE
2,3,TAGRISSO,AMLODIPINE,DECREASED APPETITE
1,15,TAGRISSO,AMLODIPINE,MALIGNANT NEOPLASM PROGRESSION
1,10,TAGRISSO,AMLODIPINE,OFF LABEL USE
2,2,TAGRISSO,AMLODIPINE,OFF LABEL USE
1,11,TAGRISSO,AMLODIPINE,DEATH
1,10,TAGRISSO,AMLODIPINE,ATRIAL FIBRILLATION
1,44,TAGRISSO,AMLODIPINE,LUNG DISORDER
1,6,TAGRISSO,AMLODIPINE,NAUSEA
2,3,TAGRISSO,AMLODIPINE,NAUSEA
1,9,TAGRISSO,AMLODIPINE,RASH
1,49,TAGRISSO,DEXAMETHASONE.,DEATH
1,9,TAGRISSO,DEXAMETHASONE.,DIARRHOEA
2,7,TAGRISSO,DEXAMETHASONE.,DIARRHOEA
1,12,TAGRISSO,DEXAMETHASONE.,MALIGNANT NEOPLASM PROGRESSION
1,5,TAGRISSO,DEXAMETHASONE.,NAUSEA
2,3,TAGRISSO,DEXAMETHASONE.,NAUSEA
1,6,TAGRISSO,DEXAMETHASONE.,VOMITING
2,2,TAGRISSO,DEXAMETHASONE.,VOMITING
1,6,TAGRISSO,DEXAMETHASONE.,FATIGUE
2,1,TAGRISSO,DEXAMETHASONE.,FATIGUE
1,4,TAGRISSO,DEXAMETHASONE.,RASH
2,3,TAGRISSO,DEXAMETHASONE.,RASH
1,8,TAGRISSO,DEXAMETHASONE.,DECREASED APPETITE
2,2,TAGRISSO,DEXAMETHASONE.,DECREASED APPETITE
1,3,TAGRISSO,DEXAMETHASONE.,OFF LABEL USE
2,3,TAGRISSO,DEXAMETHASONE.,OFF LABEL USE
1,5,TAGRISSO,DEXAMETHASONE.,CONDITION AGGRAVATED
1,12,TAGRISSO,TARCEVA,DIARRHOEA
2,10,TAGRISSO,TARCEVA,DIARRHOEA
1,17,TAGRISSO,TARCEVA,DEATH
1,10,TAGRISSO,TARCEVA,RASH
2,7,TAGRISSO,TARCEVA,RASH
1,8,TAGRISSO,TARCEVA,FATIGUE
2,5,TAGRISSO,TARCEVA,FATIGUE
1,17,TAGRISSO,TARCEVA,MALIGNANT NEOPLASM PROGRESSION
2,6,TAGRISSO,TARCEVA,OFF LABEL USE
1,5,TAGRISSO,TARCEVA,OFF LABEL USE
1,18,TAGRISSO,TARCEVA,DECREASED APPETITE
2,4,TAGRISSO,TARCEVA,DECREASED APPETITE
1,7,TAGRISSO,TARCEVA,COUGH
2,1,TAGRISSO,TARCEVA,COUGH
1,10,TAGRISSO,TARCEVA,DRUG INEFFECTIVE
2,5,TAGRISSO,TARCEVA,DRUG INEFFECTIVE
1,7,TAGRISSO,TARCEVA,DYSPNOEA
2,1,TAGRISSO,TARCEVA,DYSPNOEA
1,27,TAGRISSO,LISINOPRIL.,DEATH
2,14,TAGRISSO,LISINOPRIL.,DIARRHOEA
1,4,TAGRISSO,LISINOPRIL.,DIARRHOEA
2,9,TAGRISSO,LISINOPRIL.,FATIGUE
1,3,TAGRISSO,LISINOPRIL.,FATIGUE
2,7,TAGRISSO,LISINOPRIL.,DRY SKIN
1,6,TAGRISSO,LISINOPRIL.,DRY SKIN
1,5,TAGRISSO,LISINOPRIL.,RASH
2,4,TAGRISSO,LISINOPRIL.,RASH
1,5,TAGRISSO,LISINOPRIL.,DECREASED APPETITE
2,5,TAGRISSO,LISINOPRIL.,DECREASED APPETITE
1,7,TAGRISSO,LISINOPRIL.,HOSPITALISATION
1,6,TAGRISSO,LISINOPRIL.,ASTHENIA
1,5,TAGRISSO,LISINOPRIL.,DRUG HYPERSENSITIVITY
2,2,TAGRISSO,LISINOPRIL.,DRUG HYPERSENSITIVITY
2,4,TAGRISSO,LISINOPRIL.,DIZZINESS
1,1,TAGRISSO,LISINOPRIL.,DIZZINESS
1,22,TAGRISSO,ASPIRIN.,DEATH
1,10,TAGRISSO,ASPIRIN.,DIARRHOEA
2,7,TAGRISSO,ASPIRIN.,DIARRHOEA
1,6,TAGRISSO,ASPIRIN.,FATIGUE
2,5,TAGRISSO,ASPIRIN.,FATIGUE
1,5,TAGRISSO,ASPIRIN.,RASH
2,5,TAGRISSO,ASPIRIN.,RASH
1,5,TAGRISSO,ASPIRIN.,NAIL DISORDER
2,3,TAGRISSO,ASPIRIN.,NAIL DISORDER
2,4,TAGRISSO,ASPIRIN.,CONSTIPATION
1,2,TAGRISSO,ASPIRIN.,CONSTIPATION
1,10,TAGRISSO,ASPIRIN.,DECREASED APPETITE
2,7,TAGRISSO,ASPIRIN.,DECREASED APPETITE
1,4,TAGRISSO,ASPIRIN.,DEHYDRATION
2,2,TAGRISSO,ASPIRIN.,DEHYDRATION
1,5,TAGRISSO,ASPIRIN.,DYSPNOEA
2,1,TAGRISSO,ASPIRIN.,DYSPNOEA
1,4,TAGRISSO,ASPIRIN.,DIZZINESS
2,1,TAGRISSO,ASPIRIN.,DIZZINESS
1,22,TAGRISSO,NEXIUM,INTERSTITIAL LUNG DISEASE
1,19,TAGRISSO,NEXIUM,MALIGNANT NEOPLASM PROGRESSION
1,20,TAGRISSO,NEXIUM,DECREASED APPETITE
2,1,TAGRISSO,NEXIUM,DECREASED APPETITE
1,13,TAGRISSO,NEXIUM,DIARRHOEA
2,1,TAGRISSO,NEXIUM,DIARRHOEA
1,33,TAGRISSO,NEXIUM,LUNG DISORDER
1,12,TAGRISSO,NEXIUM,METASTASES TO CENTRAL NERVOUS SYSTEM
1,7,TAGRISSO,NEXIUM,RASH
1,6,TAGRISSO,NEXIUM,DEATH
1,7,TAGRISSO,NEXIUM,HEPATIC FUNCTION ABNORMAL
1,12,TAGRISSO,NEXIUM,METASTASES TO BONE
1,14,TAGRISSO,ATORVASTATIN,DIARRHOEA
2,6,TAGRISSO,ATORVASTATIN,DIARRHOEA
1,13,TAGRISSO,ATORVASTATIN,DECREASED APPETITE
2,2,TAGRISSO,ATORVASTATIN,DECREASED APPETITE
1,12,TAGRISSO,ATORVASTATIN,DEATH
1,6,TAGRISSO,ATORVASTATIN,OFF LABEL USE
2,1,TAGRISSO,ATORVASTATIN,OFF LABEL USE
1,4,TAGRISSO,ATORVASTATIN,RASH
2,3,TAGRISSO,ATORVASTATIN,RASH
1,4,TAGRISSO,ATORVASTATIN,FATIGUE
2,2,TAGRISSO,ATORVASTATIN,FATIGUE
1,6,TAGRISSO,ATORVASTATIN,INTERSTITIAL LUNG DISEASE
1,17,TAGRISSO,ATORVASTATIN,LUNG DISORDER
2,3,TAGRISSO,ATORVASTATIN,DRY SKIN
1,2,TAGRISSO,ATORVASTATIN,DRY SKIN
1,9,TAGRISSO,ATORVASTATIN,MALIGNANT NEOPLASM PROGRESSION
1,30675,NEXIUM,NEXIUM,CHRONIC KIDNEY DISEASE
2,763,NEXIUM,NEXIUM,CHRONIC KIDNEY DISEASE
1,16720,NEXIUM,NEXIUM,ACUTE KIDNEY INJURY
2,25,NEXIUM,NEXIUM,ACUTE KIDNEY INJURY
1,24661,NEXIUM,NEXIUM,RENAL FAILURE
2,339,NEXIUM,NEXIUM,RENAL FAILURE
2,17343,NEXIUM,NEXIUM,DRUG DOSE OMISSION
1,10544,NEXIUM,NEXIUM,DRUG DOSE OMISSION
2,17343,NEXIUM,NEXIUM,DRUG INEFFECTIVE
1,10544,NEXIUM,NEXIUM,DRUG INEFFECTIVE
2,5293,NEXIUM,NEXIUM,GASTROOESOPHAGEAL REFLUX DISEASE
1,3701,NEXIUM,NEXIUM,GASTROOESOPHAGEAL REFLUX DISEASE
1,24661,NEXIUM,NEXIUM,RENAL INJURY
2,339,NEXIUM,NEXIUM,RENAL INJURY
1,8205,NEXIUM,NEXIUM,END STAGE RENAL DISEASE
1,4475,NEXIUM,NEXIUM,NAUSEA
2,3473,NEXIUM,NEXIUM,NAUSEA
1,4149,NEXIUM,NEXIUM,PAIN
2,2540,NEXIUM,NEXIUM,PAIN
1,21848,NEXIUM,PRILOSEC,CHRONIC KIDNEY DISEASE
2,435,NEXIUM,PRILOSEC,CHRONIC KIDNEY DISEASE
1,10526,NEXIUM,PRILOSEC,ACUTE KIDNEY INJURY
2,6,NEXIUM,PRILOSEC,ACUTE KIDNEY INJURY
1,16845,NEXIUM,PRILOSEC,RENAL FAILURE
2,29,NEXIUM,PRILOSEC,RENAL FAILURE
1,16845,NEXIUM,PRILOSEC,RENAL INJURY
2,29,NEXIUM,PRILOSEC,RENAL INJURY
1,6534,NEXIUM,PRILOSEC,END STAGE RENAL DISEASE
1,2710,NEXIUM,PRILOSEC,TUBULOINTERSTITIAL NEPHRITIS
2,1663,NEXIUM,PRILOSEC,DRUG INEFFECTIVE
1,1187,NEXIUM,PRILOSEC,DRUG INEFFECTIVE
1,1130,NEXIUM,PRILOSEC,GASTROOESOPHAGEAL REFLUX DISEASE
2,539,NEXIUM,PRILOSEC,GASTROOESOPHAGEAL REFLUX DISEASE
1,1470,NEXIUM,PRILOSEC,DEATH
1,1967,NEXIUM,PRILOSEC,REBOUND ACID HYPERSECRETION
2,212,NEXIUM,PRILOSEC,REBOUND ACID HYPERSECRETION
1,21211,NEXIUM,PREVACID,CHRONIC KIDNEY DISEASE
2,346,NEXIUM,PREVACID,CHRONIC KIDNEY DISEASE
1,10073,NEXIUM,PREVACID,ACUTE KIDNEY INJURY
2,4,NEXIUM,PREVACID,ACUTE KIDNEY INJURY
1,16194,NEXIUM,PREVACID,RENAL FAILURE
2,7,NEXIUM,PREVACID,RENAL FAILURE
1,16194,NEXIUM,PREVACID,RENAL INJURY
2,7,NEXIUM,PREVACID,RENAL INJURY
1,6217,NEXIUM,PREVACID,END STAGE RENAL DISEASE
1,2487,NEXIUM,PREVACID,TUBULOINTERSTITIAL NEPHRITIS
1,1380,NEXIUM,PREVACID,DEATH
1,1748,NEXIUM,PREVACID,REBOUND ACID HYPERSECRETION
2,137,NEXIUM,PREVACID,REBOUND ACID HYPERSECRETION
1,1033,NEXIUM,PREVACID,NEPHROGENIC ANAEMIA
1,820,NEXIUM,PREVACID,GASTROOESOPHAGEAL REFLUX DISEASE
2,109,NEXIUM,PREVACID,GASTROOESOPHAGEAL REFLUX DISEASE
1,19208,NEXIUM,PROTONIX,CHRONIC KIDNEY DISEASE
2,287,NEXIUM,PROTONIX,CHRONIC KIDNEY DISEASE
1,9425,NEXIUM,PROTONIX,ACUTE KIDNEY INJURY
2,1,NEXIUM,PROTONIX,ACUTE KIDNEY INJURY
1,14700,NEXIUM,PROTONIX,RENAL FAILURE
2,4,NEXIUM,PROTONIX,RENAL FAILURE
1,5932,NEXIUM,PROTONIX,END STAGE RENAL DISEASE
1,14700,NEXIUM,PROTONIX,RENAL INJURY
2,4,NEXIUM,PROTONIX,RENAL INJURY
1,2418,NEXIUM,PROTONIX,TUBULOINTERSTITIAL NEPHRITIS
1,1384,NEXIUM,PROTONIX,DEATH
1,1609,NEXIUM,PROTONIX,REBOUND ACID HYPERSECRETION
2,80,NEXIUM,PROTONIX,REBOUND ACID HYPERSECRETION
1,998,NEXIUM,PROTONIX,NEPHROGENIC ANAEMIA
2,1,NEXIUM,PROTONIX,NEPHROGENIC ANAEMIA
1,846,NEXIUM,PROTONIX,GASTROOESOPHAGEAL REFLUX DISEASE
2,92,NEXIUM,PROTONIX,GASTROOESOPHAGEAL REFLUX DISEASE
1,15940,NEXIUM,NEXIUM 24HR,CHRONIC KIDNEY DISEASE
2,113,NEXIUM,NEXIUM 24HR,CHRONIC KIDNEY DISEASE
1,7652,NEXIUM,NEXIUM 24HR,ACUTE KIDNEY INJURY
1,12352,NEXIUM,NEXIUM 24HR,RENAL FAILURE
2,6,NEXIUM,NEXIUM 24HR,RENAL FAILURE
2,416,NEXIUM,NEXIUM 24HR,DRUG DOSE OMISSION
1,339,NEXIUM,NEXIUM 24HR,DRUG DOSE OMISSION
2,416,NEXIUM,NEXIUM 24HR,DRUG INEFFECTIVE
1,339,NEXIUM,NEXIUM 24HR,DRUG INEFFECTIVE
1,650,NEXIUM,NEXIUM 24HR,GASTROOESOPHAGEAL REFLUX DISEASE
2,124,NEXIUM,NEXIUM 24HR,GASTROOESOPHAGEAL REFLUX DISEASE
1,12352,NEXIUM,NEXIUM 24HR,RENAL INJURY
2,6,NEXIUM,NEXIUM 24HR,RENAL INJURY
1,4978,NEXIUM,NEXIUM 24HR,END STAGE RENAL DISEASE
1,72,NEXIUM,NEXIUM 24HR,NAUSEA
2,59,NEXIUM,NEXIUM 24HR,NAUSEA
1,224,NEXIUM,NEXIUM 24HR,PAIN
2,140,NEXIUM,NEXIUM 24HR,PAIN
1,13995,NEXIUM,DEXILANT,CHRONIC KIDNEY DISEASE
2,250,NEXIUM,DEXILANT,CHRONIC KIDNEY DISEASE
1,6570,NEXIUM,DEXILANT,ACUTE KIDNEY INJURY
2,1,NEXIUM,DEXILANT,ACUTE KIDNEY INJURY
1,11209,NEXIUM,DEXILANT,RENAL FAILURE
2,1,NEXIUM,DEXILANT,RENAL FAILURE
1,4325,NEXIUM,DEXILANT,END STAGE RENAL DISEASE
1,11209,NEXIUM,DEXILANT,RENAL INJURY
2,1,NEXIUM,DEXILANT,RENAL INJURY
1,2018,NEXIUM,DEXILANT,TUBULOINTERSTITIAL NEPHRITIS
1,1117,NEXIUM,DEXILANT,DEATH
1,1421,NEXIUM,DEXILANT,REBOUND ACID HYPERSECRETION
2,46,NEXIUM,DEXILANT,REBOUND ACID HYPERSECRETION
1,11209,NEXIUM,DEXILANT,RENAL HAEMANGIOMA
2,1,NEXIUM,DEXILANT,RENAL HAEMANGIOMA
1,625,NEXIUM,DEXILANT,HYPERCHLORHYDRIA
2,46,NEXIUM,DEXILANT,HYPERCHLORHYDRIA
1,21133,NEXIUM,PRILOSEC OTC,CHRONIC KIDNEY DISEASE
2,417,NEXIUM,PRILOSEC OTC,CHRONIC KIDNEY DISEASE
1,10195,NEXIUM,PRILOSEC OTC,ACUTE KIDNEY INJURY
2,6,NEXIUM,PRILOSEC OTC,ACUTE KIDNEY INJURY
1,16382,NEXIUM,PRILOSEC OTC,RENAL FAILURE
2,14,NEXIUM,PRILOSEC OTC,RENAL FAILURE
1,16382,NEXIUM,PRILOSEC OTC,RENAL INJURY
2,14,NEXIUM,PRILOSEC OTC,RENAL INJURY
1,6341,NEXIUM,PRILOSEC OTC,END STAGE RENAL DISEASE
1,2618,NEXIUM,PRILOSEC OTC,TUBULOINTERSTITIAL NEPHRITIS
2,792,NEXIUM,PRILOSEC OTC,DRUG INEFFECTIVE
1,759,NEXIUM,PRILOSEC OTC,DRUG INEFFECTIVE
1,962,NEXIUM,PRILOSEC OTC,GASTROOESOPHAGEAL REFLUX DISEASE
2,212,NEXIUM,PRILOSEC OTC,GASTROOESOPHAGEAL REFLUX DISEASE
1,1412,NEXIUM,PRILOSEC OTC,DEATH
1,1885,NEXIUM,PRILOSEC OTC,REBOUND ACID HYPERSECRETION
2,206,NEXIUM,PRILOSEC OTC,REBOUND ACID HYPERSECRETION
1,21211,NEXIUM,PREVACID 24 HR,CHRONIC KIDNEY DISEASE
2,346,NEXIUM,PREVACID 24 HR,CHRONIC KIDNEY DISEASE
1,10073,NEXIUM,PREVACID 24 HR,ACUTE KIDNEY INJURY
2,4,NEXIUM,PREVACID 24 HR,ACUTE KIDNEY INJURY
1,16194,NEXIUM,PREVACID 24 HR,RENAL FAILURE
2,7,NEXIUM,PREVACID 24 HR,RENAL FAILURE
1,16194,NEXIUM,PREVACID 24 HR,RENAL INJURY
2,7,NEXIUM,PREVACID 24 HR,RENAL INJURY
1,6217,NEXIUM,PREVACID 24 HR,END STAGE RENAL DISEASE
1,2487,NEXIUM,PREVACID 24 HR,TUBULOINTERSTITIAL NEPHRITIS
1,1380,NEXIUM,PREVACID 24 HR,DEATH
1,1748,NEXIUM,PREVACID 24 HR,REBOUND ACID HYPERSECRETION
2,137,NEXIUM,PREVACID 24 HR,REBOUND ACID HYPERSECRETION
1,1033,NEXIUM,PREVACID 24 HR,NEPHROGENIC ANAEMIA
1,820,NEXIUM,PREVACID 24 HR,GASTROOESOPHAGEAL REFLUX DISEASE
2,109,NEXIUM,PREVACID 24 HR,GASTROOESOPHAGEAL REFLUX DISEASE
1,7782,NEXIUM,OMEPRAZOLE.,CHRONIC KIDNEY DISEASE
2,8,NEXIUM,OMEPRAZOLE.,CHRONIC KIDNEY DISEASE
1,3755,NEXIUM,OMEPRAZOLE.,ACUTE KIDNEY INJURY
2,1,NEXIUM,OMEPRAZOLE.,ACUTE KIDNEY INJURY
1,5215,NEXIUM,OMEPRAZOLE.,RENAL FAILURE
2,5,NEXIUM,OMEPRAZOLE.,RENAL FAILURE
1,2165,NEXIUM,OMEPRAZOLE.,END STAGE RENAL DISEASE
1,5215,NEXIUM,OMEPRAZOLE.,RENAL INJURY
2,5,NEXIUM,OMEPRAZOLE.,RENAL INJURY
1,572,NEXIUM,OMEPRAZOLE.,GASTROOESOPHAGEAL REFLUX DISEASE
2,73,NEXIUM,OMEPRAZOLE.,GASTROOESOPHAGEAL REFLUX DISEASE
1,579,NEXIUM,OMEPRAZOLE.,TUBULOINTERSTITIAL NEPHRITIS
1,5215,NEXIUM,OMEPRAZOLE.,RENAL IMPAIRMENT
2,5,NEXIUM,OMEPRAZOLE.,RENAL IMPAIRMENT
1,393,NEXIUM,OMEPRAZOLE.,NEPHROGENIC ANAEMIA
1,375,NEXIUM,OMEPRAZOLE.,DEATH
1,1738,NEXIUM,LIPITOR,CHRONIC KIDNEY DISEASE
2,13,NEXIUM,LIPITOR,CHRONIC KIDNEY DISEASE
1,1607,NEXIUM,LIPITOR,RENAL FAILURE
2,22,NEXIUM,LIPITOR,RENAL FAILURE
1,1142,NEXIUM,LIPITOR,ACUTE KIDNEY INJURY
1,400,NEXIUM,LIPITOR,NAUSEA
2,226,NEXIUM,LIPITOR,NAUSEA
1,548,NEXIUM,LIPITOR,END STAGE RENAL DISEASE
1,640,NEXIUM,LIPITOR,DRUG INEFFECTIVE
2,602,NEXIUM,LIPITOR,DRUG INEFFECTIVE
1,391,NEXIUM,LIPITOR,DYSPNOEA
2,105,NEXIUM,LIPITOR,DYSPNOEA
1,371,NEXIUM,LIPITOR,PAIN
2,102,NEXIUM,LIPITOR,PAIN
1,321,NEXIUM,LIPITOR,FATIGUE
2,129,NEXIUM,LIPITOR,FATIGUE
1,277,NEXIUM,LIPITOR,DIARRHOEA
2,150,NEXIUM,LIPITOR,DIARRHOEA
1,1551,NEXIUM,CRESTOR,CHRONIC KIDNEY DISEASE
2,36,NEXIUM,CRESTOR,CHRONIC KIDNEY DISEASE
1,1341,NEXIUM,CRESTOR,RENAL FAILURE
2,17,NEXIUM,CRESTOR,RENAL FAILURE
1,952,NEXIUM,CRESTOR,ACUTE KIDNEY INJURY
2,1,NEXIUM,CRESTOR,ACUTE KIDNEY INJURY
2,866,NEXIUM,CRESTOR,DRUG DOSE OMISSION
1,857,NEXIUM,CRESTOR,DRUG DOSE OMISSION
1,339,NEXIUM,CRESTOR,GASTROOESOPHAGEAL REFLUX DISEASE
2,241,NEXIUM,CRESTOR,GASTROOESOPHAGEAL REFLUX DISEASE
1,319,NEXIUM,CRESTOR,MALAISE
2,243,NEXIUM,CRESTOR,MALAISE
2,866,NEXIUM,CRESTOR,DRUG INEFFECTIVE
1,857,NEXIUM,CRESTOR,DRUG INEFFECTIVE
1,304,NEXIUM,CRESTOR,NAUSEA
2,149,NEXIUM,CRESTOR,NAUSEA
1,288,NEXIUM,CRESTOR,PAIN
2,134,NEXIUM,CRESTOR,PAIN
1,404,NEXIUM,CRESTOR,END STAGE RENAL DISEASE
1,2690,CRESTOR,CRESTOR,MYALGIA
2,2462,CRESTOR,CRESTOR,MYALGIA
1,2827,CRESTOR,CRESTOR,FATIGUE
2,2002,CRESTOR,CRESTOR,FATIGUE
1,2648,CRESTOR,CRESTOR,NAUSEA
2,2024,CRESTOR,CRESTOR,NAUSEA
2,7020,CRESTOR,CRESTOR,DRUG INEFFECTIVE
1,6036,CRESTOR,CRESTOR,DRUG INEFFECTIVE
1,2268,CRESTOR,CRESTOR,PAIN
2,1621,CRESTOR,CRESTOR,PAIN
1,2268,CRESTOR,CRESTOR,PAIN IN EXTREMITY
2,1621,CRESTOR,CRESTOR,PAIN IN EXTREMITY
1,2177,CRESTOR,CRESTOR,DIARRHOEA
2,1636,CRESTOR,CRESTOR,DIARRHOEA
1,2214,CRESTOR,CRESTOR,DIZZINESS
2,1531,CRESTOR,CRESTOR,DIZZINESS
1,2677,CRESTOR,CRESTOR,DYSPNOEA
2,1035,CRESTOR,CRESTOR,DYSPNOEA
1,1920,CRESTOR,CRESTOR,HEADACHE
2,1718,CRESTOR,CRESTOR,HEADACHE
2,1026,CRESTOR,ASPIRIN,FLUSHING
1,92,CRESTOR,ASPIRIN,FLUSHING
1,297,CRESTOR,ASPIRIN,MYALGIA
2,248,CRESTOR,ASPIRIN,MYALGIA
2,421,CRESTOR,ASPIRIN,PRURITUS
1,110,CRESTOR,ASPIRIN,PRURITUS
1,355,CRESTOR,ASPIRIN,NAUSEA
2,170,CRESTOR,ASPIRIN,NAUSEA
1,332,CRESTOR,ASPIRIN,FATIGUE
2,161,CRESTOR,ASPIRIN,FATIGUE
1,358,CRESTOR,ASPIRIN,DYSPNOEA
2,101,CRESTOR,ASPIRIN,DYSPNOEA
1,288,CRESTOR,ASPIRIN,DIZZINESS
2,167,CRESTOR,ASPIRIN,DIZZINESS
1,321,CRESTOR,ASPIRIN,ASTHENIA
2,119,CRESTOR,ASPIRIN,ASTHENIA
1,249,CRESTOR,ASPIRIN,PAIN IN EXTREMITY
2,120,CRESTOR,ASPIRIN,PAIN IN EXTREMITY
1,249,CRESTOR,ASPIRIN,PAIN
2,120,CRESTOR,ASPIRIN,PAIN
1,1535,CRESTOR,NEXIUM,CHRONIC KIDNEY DISEASE
2,36,CRESTOR,NEXIUM,CHRONIC KIDNEY DISEASE
1,1309,CRESTOR,NEXIUM,RENAL FAILURE
2,17,CRESTOR,NEXIUM,RENAL FAILURE
1,941,CRESTOR,NEXIUM,ACUTE KIDNEY INJURY
2,1,CRESTOR,NEXIUM,ACUTE KIDNEY INJURY
1,842,CRESTOR,NEXIUM,DRUG DOSE OMISSION
2,841,CRESTOR,NEXIUM,DRUG DOSE OMISSION
1,335,CRESTOR,NEXIUM,GASTROOESOPHAGEAL REFLUX DISEASE
2,240,CRESTOR,NEXIUM,GASTROOESOPHAGEAL REFLUX DISEASE
1,316,CRESTOR,NEXIUM,MALAISE
2,241,CRESTOR,NEXIUM,MALAISE
1,842,CRESTOR,NEXIUM,DRUG INEFFECTIVE
2,841,CRESTOR,NEXIUM,DRUG INEFFECTIVE
1,297,CRESTOR,NEXIUM,NAUSEA
2,148,CRESTOR,NEXIUM,NAUSEA
1,282,CRESTOR,NEXIUM,PAIN
2,131,CRESTOR,NEXIUM,PAIN
1,395,CRESTOR,NEXIUM,END STAGE RENAL DISEASE
1,404,CRESTOR,PLAVIX,DYSPNOEA
2,98,CRESTOR,PLAVIX,DYSPNOEA
1,550,CRESTOR,PLAVIX,MYOCARDIAL INFARCTION
2,5,CRESTOR,PLAVIX,MYOCARDIAL INFARCTION
1,284,CRESTOR,PLAVIX,NAUSEA
2,146,CRESTOR,PLAVIX,NAUSEA
1,303,CRESTOR,PLAVIX,FATIGUE
2,122,CRESTOR,PLAVIX,FATIGUE
1,311,CRESTOR,PLAVIX,ASTHENIA
2,67,CRESTOR,PLAVIX,ASTHENIA
1,246,CRESTOR,PLAVIX,DIARRHOEA
2,132,CRESTOR,PLAVIX,DIARRHOEA
1,637,CRESTOR,PLAVIX,DRUG INEFFECTIVE
2,353,CRESTOR,PLAVIX,DRUG INEFFECTIVE
1,239,CRESTOR,PLAVIX,DIZZINESS
2,106,CRESTOR,PLAVIX,DIZZINESS
1,392,CRESTOR,PLAVIX,CHEST PAIN
2,55,CRESTOR,PLAVIX,CHEST PAIN
1,608,CRESTOR,PLAVIX,RENAL FAILURE
2,10,CRESTOR,PLAVIX,RENAL FAILURE
1,664,CRESTOR,ASPIRIN.,CHRONIC KIDNEY DISEASE
2,14,CRESTOR,ASPIRIN.,CHRONIC KIDNEY DISEASE
1,279,CRESTOR,ASPIRIN.,FATIGUE
2,212,CRESTOR,ASPIRIN.,FATIGUE
1,643,CRESTOR,ASPIRIN.,RENAL FAILURE
2,11,CRESTOR,ASPIRIN.,RENAL FAILURE
1,532,CRESTOR,ASPIRIN.,ACUTE KIDNEY INJURY
2,1,CRESTOR,ASPIRIN.,ACUTE KIDNEY INJURY
1,223,CRESTOR,ASPIRIN.,DIARRHOEA
2,188,CRESTOR,ASPIRIN.,DIARRHOEA
1,213,CRESTOR,ASPIRIN.,NAUSEA
2,163,CRESTOR,ASPIRIN.,NAUSEA
1,241,CRESTOR,ASPIRIN.,DYSPNOEA
2,116,CRESTOR,ASPIRIN.,DYSPNOEA
2,479,CRESTOR,ASPIRIN.,DRUG INEFFECTIVE
1,452,CRESTOR,ASPIRIN.,DRUG INEFFECTIVE
1,176,CRESTOR,ASPIRIN.,DIZZINESS
2,126,CRESTOR,ASPIRIN.,DIZZINESS
1,206,CRESTOR,ASPIRIN.,ASTHENIA
2,77,CRESTOR,ASPIRIN.,ASTHENIA
1,226,CRESTOR,METFORMIN,NAUSEA
2,192,CRESTOR,METFORMIN,NAUSEA
1,233,CRESTOR,METFORMIN,FATIGUE
2,130,CRESTOR,METFORMIN,FATIGUE
2,481,CRESTOR,METFORMIN,DRUG INEFFECTIVE
1,429,CRESTOR,METFORMIN,DRUG INEFFECTIVE
1,195,CRESTOR,METFORMIN,DIARRHOEA
2,136,CRESTOR,METFORMIN,DIARRHOEA
1,392,CRESTOR,METFORMIN,CHRONIC KIDNEY DISEASE
2,8,CRESTOR,METFORMIN,CHRONIC KIDNEY DISEASE
1,438,CRESTOR,METFORMIN,ACUTE KIDNEY INJURY
2,1,CRESTOR,METFORMIN,ACUTE KIDNEY INJURY
1,541,CRESTOR,METFORMIN,BLOOD GLUCOSE INCREASED
2,320,CRESTOR,METFORMIN,BLOOD GLUCOSE INCREASED
1,251,CRESTOR,METFORMIN,WEIGHT DECREASED
2,155,CRESTOR,METFORMIN,WEIGHT DECREASED
1,201,CRESTOR,METFORMIN,DYSPNOEA
2,76,CRESTOR,METFORMIN,DYSPNOEA
1,437,CRESTOR,METFORMIN,RENAL FAILURE
2,9,CRESTOR,METFORMIN,RENAL FAILURE
1,272,CRESTOR,SYNTHROID,FATIGUE
2,155,CRESTOR,SYNTHROID,FATIGUE
1,237,CRESTOR,SYNTHROID,NAUSEA
2,181,CRESTOR,SYNTHROID,NAUSEA
2,424,CRESTOR,SYNTHROID,DRUG INEFFECTIVE
1,383,CRESTOR,SYNTHROID,DRUG INEFFECTIVE
1,221,CRESTOR,SYNTHROID,PAIN
2,109,CRESTOR,SYNTHROID,PAIN
1,179,CRESTOR,SYNTHROID,DIARRHOEA
2,129,CRESTOR,SYNTHROID,DIARRHOEA
1,173,CRESTOR,SYNTHROID,HEADACHE
2,123,CRESTOR,SYNTHROID,HEADACHE
1,186,CRESTOR,SYNTHROID,DIZZINESS
2,104,CRESTOR,SYNTHROID,DIZZINESS
1,205,CRESTOR,SYNTHROID,DYSPNOEA
2,66,CRESTOR,SYNTHROID,DYSPNOEA
1,188,CRESTOR,SYNTHROID,ASTHENIA
2,76,CRESTOR,SYNTHROID,ASTHENIA
1,154,CRESTOR,SYNTHROID,MYALGIA
2,109,CRESTOR,SYNTHROID,MYALGIA
1,700,CRESTOR,LISINOPRIL.,CHRONIC KIDNEY DISEASE
2,12,CRESTOR,LISINOPRIL.,CHRONIC KIDNEY DISEASE
1,498,CRESTOR,LISINOPRIL.,ACUTE KIDNEY INJURY
2,1,CRESTOR,LISINOPRIL.,ACUTE KIDNEY INJURY
1,615,CRESTOR,LISINOPRIL.,RENAL FAILURE
2,12,CRESTOR,LISINOPRIL.,RENAL FAILURE
1,146,CRESTOR,LISINOPRIL.,FATIGUE
2,131,CRESTOR,LISINOPRIL.,FATIGUE
2,439,CRESTOR,LISINOPRIL.,DRUG INEFFECTIVE
1,266,CRESTOR,LISINOPRIL.,DRUG INEFFECTIVE
2,138,CRESTOR,LISINOPRIL.,DIARRHOEA
1,105,CRESTOR,LISINOPRIL.,DIARRHOEA
2,121,CRESTOR,LISINOPRIL.,NAUSEA
1,118,CRESTOR,LISINOPRIL.,NAUSEA
1,217,CRESTOR,LISINOPRIL.,END STAGE RENAL DISEASE
1,127,CRESTOR,LISINOPRIL.,DYSPNOEA
2,69,CRESTOR,LISINOPRIL.,DYSPNOEA
2,108,CRESTOR,LISINOPRIL.,HEADACHE
1,77,CRESTOR,LISINOPRIL.,HEADACHE
2,3,CRESTOR,VITAMIN D,FATIGUE
1,1,CRESTOR,VITAMIN D,FATIGUE
2,2,CRESTOR,VITAMIN D,MYALGIA
1,1,CRESTOR,VITAMIN D,MYALGIA
2,1,CRESTOR,VITAMIN D,BACK PAIN
1,4,CRESTOR,VITAMIN D,HEADACHE
1,3,CRESTOR,VITAMIN D,PAIN
2,1,CRESTOR,VITAMIN D,PAIN
1,3,CRESTOR,VITAMIN D,WEIGHT INCREASED
1,2,CRESTOR,VITAMIN D,ARTHRALGIA
2,1,CRESTOR,VITAMIN D,ARTHRALGIA
1,2,CRESTOR,VITAMIN D,DIARRHOEA
1,2,CRESTOR,VITAMIN D,DRUG DOSE OMISSION
2,2,CRESTOR,VITAMIN D,DRUG DOSE OMISSION
1,2,CRESTOR,VITAMIN D,OEDEMA PERIPHERAL
1,329,CRESTOR,LASIX,DYSPNOEA
2,66,CRESTOR,LASIX,DYSPNOEA
1,195,CRESTOR,LASIX,NAUSEA
2,73,CRESTOR,LASIX,NAUSEA
1,220,CRESTOR,LASIX,ASTHENIA
2,31,CRESTOR,LASIX,ASTHENIA
1,185,CRESTOR,LASIX,FATIGUE
2,56,CRESTOR,LASIX,FATIGUE
1,516,CRESTOR,LASIX,RENAL FAILURE
2,15,CRESTOR,LASIX,RENAL FAILURE
1,167,CRESTOR,LASIX,DIARRHOEA
2,71,CRESTOR,LASIX,DIARRHOEA
1,218,CRESTOR,LASIX,PNEUMONIA
2,3,CRESTOR,LASIX,PNEUMONIA
1,193,CRESTOR,LASIX,FALL
2,10,CRESTOR,LASIX,FALL
1,169,CRESTOR,LASIX,PAIN
2,22,CRESTOR,LASIX,PAIN
1,469,CRESTOR,LASIX,CARDIAC FAILURE CONGESTIVE
2,8,CRESTOR,LASIX,CARDIAC FAILURE CONGESTIVE
1,355,CRESTOR,AMLODIPINE,CHRONIC KIDNEY DISEASE
2,4,CRESTOR,AMLODIPINE,CHRONIC KIDNEY DISEASE
1,343,CRESTOR,AMLODIPINE,ACUTE KIDNEY INJURY
2,1,CRESTOR,AMLODIPINE,ACUTE KIDNEY INJURY
1,425,CRESTOR,AMLODIPINE,RENAL FAILURE
2,18,CRESTOR,AMLODIPINE,RENAL FAILURE
1,133,CRESTOR,AMLODIPINE,FATIGUE
2,94,CRESTOR,AMLODIPINE,FATIGUE
1,126,CRESTOR,AMLODIPINE,DIARRHOEA
2,95,CRESTOR,AMLODIPINE,DIARRHOEA
1,126,CRESTOR,AMLODIPINE,NAUSEA
2,82,CRESTOR,AMLODIPINE,NAUSEA
1,156,CRESTOR,AMLODIPINE,DYSPNOEA
2,45,CRESTOR,AMLODIPINE,DYSPNOEA
2,274,CRESTOR,AMLODIPINE,DRUG INEFFECTIVE
1,249,CRESTOR,AMLODIPINE,DRUG INEFFECTIVE
1,122,CRESTOR,AMLODIPINE,DIZZINESS
2,53,CRESTOR,AMLODIPINE,DIZZINESS
1,102,CRESTOR,AMLODIPINE,PAIN
2,50,CRESTOR,AMLODIPINE,PAIN
2,630,FARXIGA,FARXIGA,FUNGAL INFECTION
1,80,FARXIGA,FARXIGA,FUNGAL INFECTION
2,743,FARXIGA,FARXIGA,BLOOD GLUCOSE INCREASED
1,272,FARXIGA,FARXIGA,BLOOD GLUCOSE INCREASED
2,470,FARXIGA,FARXIGA,WEIGHT DECREASED
1,124,FARXIGA,FARXIGA,WEIGHT DECREASED
1,391,FARXIGA,FARXIGA,DIABETIC KETOACIDOSIS
2,4,FARXIGA,FARXIGA,DIABETIC KETOACIDOSIS
2,214,FARXIGA,FARXIGA,NAUSEA
1,102,FARXIGA,FARXIGA,NAUSEA
2,194,FARXIGA,FARXIGA,URINARY TRACT INFECTION
1,137,FARXIGA,FARXIGA,URINARY TRACT INFECTION
2,188,FARXIGA,FARXIGA,DIZZINESS
1,45,FARXIGA,FARXIGA,DIZZINESS
2,481,FARXIGA,FARXIGA,DRUG INEFFECTIVE
1,107,FARXIGA,FARXIGA,DRUG INEFFECTIVE
2,211,FARXIGA,FARXIGA,GLYCOSYLATED HAEMOGLOBIN INCREASED
1,47,FARXIGA,FARXIGA,GLYCOSYLATED HAEMOGLOBIN INCREASED
2,155,FARXIGA,FARXIGA,DIARRHOEA
1,61,FARXIGA,FARXIGA,DIARRHOEA
2,266,FARXIGA,METFORMIN,BLOOD GLUCOSE INCREASED
1,100,FARXIGA,METFORMIN,BLOOD GLUCOSE INCREASED
2,159,FARXIGA,METFORMIN,WEIGHT DECREASED
1,56,FARXIGA,METFORMIN,WEIGHT DECREASED
2,80,FARXIGA,METFORMIN,NAUSEA
1,42,FARXIGA,METFORMIN,NAUSEA
1,122,FARXIGA,METFORMIN,DIABETIC KETOACIDOSIS
2,1,FARXIGA,METFORMIN,DIABETIC KETOACIDOSIS
2,88,FARXIGA,METFORMIN,FUNGAL INFECTION
1,25,FARXIGA,METFORMIN,FUNGAL INFECTION
2,76,FARXIGA,METFORMIN,GLYCOSYLATED HAEMOGLOBIN INCREASED
1,20,FARXIGA,METFORMIN,GLYCOSYLATED HAEMOGLOBIN INCREASED
2,158,FARXIGA,METFORMIN,DRUG INEFFECTIVE
1,41,FARXIGA,METFORMIN,DRUG INEFFECTIVE
2,52,FARXIGA,METFORMIN,DIARRHOEA
1,21,FARXIGA,METFORMIN,DIARRHOEA
2,158,FARXIGA,METFORMIN,DRUG DOSE OMISSION
1,41,FARXIGA,METFORMIN,DRUG DOSE OMISSION
2,45,FARXIGA,METFORMIN,DIZZINESS
1,19,FARXIGA,METFORMIN,DIZZINESS
2,52,FARXIGA,LISINOPRIL.,WEIGHT DECREASED
1,25,FARXIGA,LISINOPRIL.,WEIGHT DECREASED
1,50,FARXIGA,LISINOPRIL.,DIABETIC KETOACIDOSIS
2,56,FARXIGA,LISINOPRIL.,BLOOD GLUCOSE INCREASED
1,47,FARXIGA,LISINOPRIL.,BLOOD GLUCOSE INCREASED
2,55,FARXIGA,LISINOPRIL.,DRUG INEFFECTIVE
1,25,FARXIGA,LISINOPRIL.,DRUG INEFFECTIVE
2,20,FARXIGA,LISINOPRIL.,NAUSEA
1,17,FARXIGA,LISINOPRIL.,NAUSEA
1,20,FARXIGA,LISINOPRIL.,FATIGUE
2,12,FARXIGA,LISINOPRIL.,FATIGUE
2,17,FARXIGA,LISINOPRIL.,DIARRHOEA
1,14,FARXIGA,LISINOPRIL.,DIARRHOEA
2,22,FARXIGA,LISINOPRIL.,FUNGAL INFECTION
1,10,FARXIGA,LISINOPRIL.,FUNGAL INFECTION
1,42,FARXIGA,LISINOPRIL.,ACUTE KIDNEY INJURY
2,19,FARXIGA,LISINOPRIL.,DIZZINESS
1,6,FARXIGA,LISINOPRIL.,DIZZINESS
2,82,FARXIGA,TRULICITY,INJECTION SITE PAIN
1,2,FARXIGA,TRULICITY,INJECTION SITE PAIN
2,54,FARXIGA,TRULICITY,BLOOD GLUCOSE INCREASED
1,12,FARXIGA,TRULICITY,BLOOD GLUCOSE INCREASED
2,25,FARXIGA,TRULICITY,NAUSEA
1,15,FARXIGA,TRULICITY,NAUSEA
2,82,FARXIGA,TRULICITY,INJECTION SITE HAEMORRHAGE
1,2,FARXIGA,TRULICITY,INJECTION SITE HAEMORRHAGE
2,12,FARXIGA,TRULICITY,VOMITING
1,8,FARXIGA,TRULICITY,VOMITING
2,31,FARXIGA,TRULICITY,ACCIDENTAL UNDERDOSE
1,1,FARXIGA,TRULICITY,ACCIDENTAL UNDERDOSE
2,15,FARXIGA,TRULICITY,DIARRHOEA
1,3,FARXIGA,TRULICITY,DIARRHOEA
2,42,FARXIGA,TRULICITY,DRUG DOSE OMISSION
1,7,FARXIGA,TRULICITY,DRUG DOSE OMISSION
2,21,FARXIGA,TRULICITY,INCORRECT DOSE ADMINISTERED
1,1,FARXIGA,TRULICITY,INCORRECT DOSE ADMINISTERED
2,42,FARXIGA,TRULICITY,DRUG INEFFECTIVE
1,7,FARXIGA,TRULICITY,DRUG INEFFECTIVE
2,60,FARXIGA,BYDUREON,BLOOD GLUCOSE INCREASED
1,16,FARXIGA,BYDUREON,BLOOD GLUCOSE INCREASED
2,128,FARXIGA,BYDUREON,INJECTION SITE PAIN
1,15,FARXIGA,BYDUREON,INJECTION SITE PAIN
2,128,FARXIGA,BYDUREON,INJECTION SITE HAEMORRHAGE
1,15,FARXIGA,BYDUREON,INJECTION SITE HAEMORRHAGE
2,128,FARXIGA,BYDUREON,INJECTION SITE NODULE
1,15,FARXIGA,BYDUREON,INJECTION SITE NODULE
2,43,FARXIGA,BYDUREON,WEIGHT DECREASED
1,11,FARXIGA,BYDUREON,WEIGHT DECREASED
2,29,FARXIGA,BYDUREON,NAUSEA
1,6,FARXIGA,BYDUREON,NAUSEA
2,128,FARXIGA,BYDUREON,INJECTION SITE MASS
1,15,FARXIGA,BYDUREON,INJECTION SITE MASS
2,27,FARXIGA,BYDUREON,GLYCOSYLATED HAEMOGLOBIN INCREASED
1,4,FARXIGA,BYDUREON,GLYCOSYLATED HAEMOGLOBIN INCREASED
2,73,FARXIGA,BYDUREON,PRODUCT QUALITY ISSUE
1,14,FARXIGA,BYDUREON,PRODUCT QUALITY ISSUE
2,55,FARXIGA,BYDUREON,DRUG DOSE OMISSION
1,11,FARXIGA,BYDUREON,DRUG DOSE OMISSION
2,44,FARXIGA,JANUVIA,BLOOD GLUCOSE INCREASED
1,21,FARXIGA,JANUVIA,BLOOD GLUCOSE INCREASED
2,17,FARXIGA,JANUVIA,WEIGHT DECREASED
1,16,FARXIGA,JANUVIA,WEIGHT DECREASED
2,21,FARXIGA,JANUVIA,GLYCOSYLATED HAEMOGLOBIN INCREASED
1,3,FARXIGA,JANUVIA,GLYCOSYLATED HAEMOGLOBIN INCREASED
2,33,FARXIGA,JANUVIA,DRUG INEFFECTIVE
1,5,FARXIGA,JANUVIA,DRUG INEFFECTIVE
2,11,FARXIGA,JANUVIA,DIARRHOEA
1,6,FARXIGA,JANUVIA,DIARRHOEA
1,12,FARXIGA,JANUVIA,NAUSEA
2,4,FARXIGA,JANUVIA,NAUSEA
1,16,FARXIGA,JANUVIA,DIABETIC KETOACIDOSIS
1,8,FARXIGA,JANUVIA,MALAISE
2,6,FARXIGA,JANUVIA,MALAISE
2,8,FARXIGA,JANUVIA,FATIGUE
1,5,FARXIGA,JANUVIA,FATIGUE
1,9,FARXIGA,JANUVIA,URINARY TRACT INFECTION
2,6,FARXIGA,JANUVIA,URINARY TRACT INFECTION
2,14,FARXIGA,ASPIRIN.,NAUSEA
1,11,FARXIGA,ASPIRIN.,NAUSEA
2,21,FARXIGA,ASPIRIN.,WEIGHT DECREASED
1,12,FARXIGA,ASPIRIN.,WEIGHT DECREASED
2,30,FARXIGA,ASPIRIN.,BLOOD GLUCOSE INCREASED
1,27,FARXIGA,ASPIRIN.,BLOOD GLUCOSE INCREASED
2,11,FARXIGA,ASPIRIN.,DIARRHOEA
1,10,FARXIGA,ASPIRIN.,DIARRHOEA
1,22,FARXIGA,ASPIRIN.,DIABETIC KETOACIDOSIS
2,33,FARXIGA,ASPIRIN.,DRUG INEFFECTIVE
1,13,FARXIGA,ASPIRIN.,DRUG INEFFECTIVE
2,33,FARXIGA,ASPIRIN.,DRUG DOSE OMISSION
1,13,FARXIGA,ASPIRIN.,DRUG DOSE OMISSION
1,10,FARXIGA,ASPIRIN.,FATIGUE
2,6,FARXIGA,ASPIRIN.,FATIGUE
1,18,FARXIGA,ASPIRIN.,ACUTE KIDNEY INJURY
1,9,FARXIGA,ASPIRIN.,DIZZINESS
2,6,FARXIGA,ASPIRIN.,DIZZINESS
2,42,FARXIGA,LANTUS,BLOOD GLUCOSE INCREASED
1,27,FARXIGA,LANTUS,BLOOD GLUCOSE INCREASED
2,27,FARXIGA,LANTUS,WEIGHT DECREASED
1,15,FARXIGA,LANTUS,WEIGHT DECREASED
1,36,FARXIGA,LANTUS,DIABETIC KETOACIDOSIS
2,19,FARXIGA,LANTUS,NAUSEA
1,8,FARXIGA,LANTUS,NAUSEA
1,25,FARXIGA,LANTUS,ACUTE KIDNEY INJURY
1,10,FARXIGA,LANTUS,VOMITING
2,10,FARXIGA,LANTUS,VOMITING
2,13,FARXIGA,LANTUS,GLYCOSYLATED HAEMOGLOBIN INCREASED
1,6,FARXIGA,LANTUS,GLYCOSYLATED HAEMOGLOBIN INCREASED
2,31,FARXIGA,LANTUS,DRUG INEFFECTIVE
1,4,FARXIGA,LANTUS,DRUG INEFFECTIVE
2,10,FARXIGA,LANTUS,DIARRHOEA
1,7,FARXIGA,LANTUS,DIARRHOEA
2,10,FARXIGA,LANTUS,HEADACHE
1,5,FARXIGA,LANTUS,HEADACHE
2,22,FARXIGA,ATORVASTATIN,WEIGHT DECREASED
1,13,FARXIGA,ATORVASTATIN,WEIGHT DECREASED
2,14,FARXIGA,ATORVASTATIN,NAUSEA
1,9,FARXIGA,ATORVASTATIN,NAUSEA
2,26,FARXIGA,ATORVASTATIN,BLOOD GLUCOSE INCREASED
1,21,FARXIGA,ATORVASTATIN,BLOOD GLUCOSE INCREASED
2,10,FARXIGA,ATORVASTATIN,FUNGAL INFECTION
1,7,FARXIGA,ATORVASTATIN,FUNGAL INFECTION
1,9,FARXIGA,ATORVASTATIN,HEADACHE
2,6,FARXIGA,ATORVASTATIN,HEADACHE
1,8,FARXIGA,ATORVASTATIN,DIZZINESS
2,6,FARXIGA,ATORVASTATIN,DIZZINESS
1,18,FARXIGA,ATORVASTATIN,DIABETIC KETOACIDOSIS
1,9,FARXIGA,ATORVASTATIN,MALAISE
2,4,FARXIGA,ATORVASTATIN,MALAISE
1,16,FARXIGA,ATORVASTATIN,ACUTE KIDNEY INJURY
2,9,FARXIGA,ATORVASTATIN,FEELING ABNORMAL
1,6,FARXIGA,ATORVASTATIN,FEELING ABNORMAL
2,49,FARXIGA,GLIPIZIDE.,BLOOD GLUCOSE INCREASED
1,25,FARXIGA,GLIPIZIDE.,BLOOD GLUCOSE INCREASED
2,23,FARXIGA,GLIPIZIDE.,WEIGHT DECREASED
1,10,FARXIGA,GLIPIZIDE.,WEIGHT DECREASED
2,16,FARXIGA,GLIPIZIDE.,FUNGAL INFECTION
1,6,FARXIGA,GLIPIZIDE.,FUNGAL INFECTION
2,27,FARXIGA,GLIPIZIDE.,DRUG DOSE OMISSION
1,13,FARXIGA,GLIPIZIDE.,DRUG DOSE OMISSION
2,10,FARXIGA,GLIPIZIDE.,NAUSEA
1,7,FARXIGA,GLIPIZIDE.,NAUSEA
2,27,FARXIGA,GLIPIZIDE.,DRUG INEFFECTIVE
1,13,FARXIGA,GLIPIZIDE.,DRUG INEFFECTIVE
1,14,FARXIGA,GLIPIZIDE.,ACUTE KIDNEY INJURY
1,15,FARXIGA,GLIPIZIDE.,DIABETIC KETOACIDOSIS
2,12,FARXIGA,GLIPIZIDE.,POLLAKIURIA
1,1,FARXIGA,GLIPIZIDE.,POLLAKIURIA
2,10,FARXIGA,GLIPIZIDE.,INTENTIONAL PRODUCT MISUSE
1,6,FARXIGA,GLIPIZIDE.,INTENTIONAL PRODUCT MISUSE
2,47,FARXIGA,GLIMEPIRIDE.,BLOOD GLUCOSE INCREASED
1,19,FARXIGA,GLIMEPIRIDE.,BLOOD GLUCOSE INCREASED
2,18,FARXIGA,GLIMEPIRIDE.,WEIGHT DECREASED
1,8,FARXIGA,GLIMEPIRIDE.,WEIGHT DECREASED
2,12,FARXIGA,GLIMEPIRIDE.,NAUSEA
1,10,FARXIGA,GLIMEPIRIDE.,NAUSEA
2,16,FARXIGA,GLIMEPIRIDE.,FUNGAL INFECTION
1,7,FARXIGA,GLIMEPIRIDE.,FUNGAL INFECTION
2,23,FARXIGA,GLIMEPIRIDE.,DRUG INEFFECTIVE
1,9,FARXIGA,GLIMEPIRIDE.,DRUG INEFFECTIVE
2,8,FARXIGA,GLIMEPIRIDE.,DIARRHOEA
1,7,FARXIGA,GLIMEPIRIDE.,DIARRHOEA
2,12,FARXIGA,GLIMEPIRIDE.,GLYCOSYLATED HAEMOGLOBIN INCREASED
1,3,FARXIGA,GLIMEPIRIDE.,GLYCOSYLATED HAEMOGLOBIN INCREASED
2,30,FARXIGA,GLIMEPIRIDE.,INJECTION SITE HAEMORRHAGE
1,4,FARXIGA,GLIMEPIRIDE.,INJECTION SITE HAEMORRHAGE
2,30,FARXIGA,GLIMEPIRIDE.,INJECTION SITE PAIN
1,4,FARXIGA,GLIMEPIRIDE.,INJECTION SITE PAIN
1,6,FARXIGA,GLIMEPIRIDE.,DEHYDRATION
2,4,FARXIGA,GLIMEPIRIDE.,DEHYDRATION
1,1406,BRILINTA,BRILINTA,DYSPNOEA
2,1022,BRILINTA,BRILINTA,DYSPNOEA
1,1904,BRILINTA,BRILINTA,MYOCARDIAL INFARCTION
2,5,BRILINTA,BRILINTA,MYOCARDIAL INFARCTION
1,755,BRILINTA,BRILINTA,OFF LABEL USE
2,320,BRILINTA,BRILINTA,OFF LABEL USE
2,551,BRILINTA,BRILINTA,FATIGUE
1,369,BRILINTA,BRILINTA,FATIGUE
1,780,BRILINTA,BRILINTA,CHEST PAIN
2,296,BRILINTA,BRILINTA,CHEST PAIN
1,424,BRILINTA,BRILINTA,CONTUSION
2,361,BRILINTA,BRILINTA,CONTUSION
1,726,BRILINTA,BRILINTA,DEATH
1,380,BRILINTA,BRILINTA,DIZZINESS
2,293,BRILINTA,BRILINTA,DIZZINESS
2,371,BRILINTA,BRILINTA,MALAISE
1,287,BRILINTA,BRILINTA,MALAISE
1,854,BRILINTA,BRILINTA,DRUG DOSE OMISSION
2,535,BRILINTA,BRILINTA,DRUG DOSE OMISSION
1,324,BRILINTA,ASPIRIN.,DYSPNOEA
2,230,BRILINTA,ASPIRIN.,DYSPNOEA
1,473,BRILINTA,ASPIRIN.,MYOCARDIAL INFARCTION
1,160,BRILINTA,ASPIRIN.,OFF LABEL USE
2,130,BRILINTA,ASPIRIN.,OFF LABEL USE
2,117,BRILINTA,ASPIRIN.,CONTUSION
1,111,BRILINTA,ASPIRIN.,CONTUSION
1,123,BRILINTA,ASPIRIN.,DIZZINESS
2,89,BRILINTA,ASPIRIN.,DIZZINESS
1,197,BRILINTA,ASPIRIN.,CHEST PAIN
2,74,BRILINTA,ASPIRIN.,CHEST PAIN
1,109,BRILINTA,ASPIRIN.,FATIGUE
2,78,BRILINTA,ASPIRIN.,FATIGUE
1,215,BRILINTA,ASPIRIN.,PRODUCT USE ISSUE
2,142,BRILINTA,ASPIRIN.,PRODUCT USE ISSUE
1,75,BRILINTA,ASPIRIN.,EPISTAXIS
2,57,BRILINTA,ASPIRIN.,EPISTAXIS
1,96,BRILINTA,ASPIRIN.,ASTHENIA
2,35,BRILINTA,ASPIRIN.,ASTHENIA
1,196,BRILINTA,ATORVASTATIN,DYSPNOEA
2,93,BRILINTA,ATORVASTATIN,DYSPNOEA
1,290,BRILINTA,ATORVASTATIN,MYOCARDIAL INFARCTION
2,2,BRILINTA,ATORVASTATIN,MYOCARDIAL INFARCTION
1,127,BRILINTA,ATORVASTATIN,OFF LABEL USE
2,54,BRILINTA,ATORVASTATIN,OFF LABEL USE
1,172,BRILINTA,ATORVASTATIN,CHEST PAIN
2,32,BRILINTA,ATORVASTATIN,CHEST PAIN
1,92,BRILINTA,ATORVASTATIN,CONTUSION
2,46,BRILINTA,ATORVASTATIN,CONTUSION
1,71,BRILINTA,ATORVASTATIN,DIZZINESS
2,35,BRILINTA,ATORVASTATIN,DIZZINESS
1,207,BRILINTA,ATORVASTATIN,BLOOD PRESSURE INCREASED
2,38,BRILINTA,ATORVASTATIN,BLOOD PRESSURE INCREASED
1,53,BRILINTA,ATORVASTATIN,FATIGUE
2,39,BRILINTA,ATORVASTATIN,FATIGUE
1,84,BRILINTA,ATORVASTATIN,WEIGHT DECREASED
2,30,BRILINTA,ATORVASTATIN,WEIGHT DECREASED
1,144,BRILINTA,ATORVASTATIN,PRODUCT USE ISSUE
2,62,BRILINTA,ATORVASTATIN,PRODUCT USE ISSUE
1,156,BRILINTA,LISINOPRIL.,DYSPNOEA
2,60,BRILINTA,LISINOPRIL.,DYSPNOEA
1,240,BRILINTA,LISINOPRIL.,MYOCARDIAL INFARCTION
2,2,BRILINTA,LISINOPRIL.,MYOCARDIAL INFARCTION
1,66,BRILINTA,LISINOPRIL.,OFF LABEL USE
2,44,BRILINTA,LISINOPRIL.,OFF LABEL USE
1,81,BRILINTA,LISINOPRIL.,CHEST PAIN
2,24,BRILINTA,LISINOPRIL.,CHEST PAIN
1,52,BRILINTA,LISINOPRIL.,DIZZINESS
2,33,BRILINTA,LISINOPRIL.,DIZZINESS
1,42,BRILINTA,LISINOPRIL.,CONTUSION
2,37,BRILINTA,LISINOPRIL.,CONTUSION
1,67,BRILINTA,LISINOPRIL.,WEIGHT DECREASED
2,21,BRILINTA,LISINOPRIL.,WEIGHT DECREASED
1,41,BRILINTA,LISINOPRIL.,FATIGUE
2,24,BRILINTA,LISINOPRIL.,FATIGUE
1,37,BRILINTA,LISINOPRIL.,HEADACHE
2,23,BRILINTA,LISINOPRIL.,HEADACHE
1,99,BRILINTA,LISINOPRIL.,DRUG DOSE OMISSION
2,54,BRILINTA,LISINOPRIL.,DRUG DOSE OMISSION
1,219,BRILINTA,CRESTOR,MYOCARDIAL INFARCTION
2,1,BRILINTA,CRESTOR,MYOCARDIAL INFARCTION
1,110,BRILINTA,CRESTOR,DYSPNOEA
2,53,BRILINTA,CRESTOR,DYSPNOEA
1,138,BRILINTA,CRESTOR,OFF LABEL USE
2,23,BRILINTA,CRESTOR,OFF LABEL USE
1,137,BRILINTA,CRESTOR,CORONARY ARTERY OCCLUSION
2,2,BRILINTA,CRESTOR,CORONARY ARTERY OCCLUSION
1,80,BRILINTA,CRESTOR,CHEST PAIN
2,8,BRILINTA,CRESTOR,CHEST PAIN
1,57,BRILINTA,CRESTOR,FATIGUE
2,17,BRILINTA,CRESTOR,FATIGUE
1,51,BRILINTA,CRESTOR,DIZZINESS
2,14,BRILINTA,CRESTOR,DIZZINESS
1,37,BRILINTA,CRESTOR,CONTUSION
2,18,BRILINTA,CRESTOR,CONTUSION
1,59,BRILINTA,CRESTOR,INTENTIONAL PRODUCT MISUSE
2,10,BRILINTA,CRESTOR,INTENTIONAL PRODUCT MISUSE
1,31,BRILINTA,CRESTOR,NAUSEA
2,14,BRILINTA,CRESTOR,NAUSEA
1,98,BRILINTA,LIPITOR,DYSPNOEA
2,45,BRILINTA,LIPITOR,DYSPNOEA
1,165,BRILINTA,LIPITOR,MYOCARDIAL INFARCTION
1,48,BRILINTA,LIPITOR,OFF LABEL USE
2,29,BRILINTA,LIPITOR,OFF LABEL USE
1,41,BRILINTA,LIPITOR,FATIGUE
2,23,BRILINTA,LIPITOR,FATIGUE
1,32,BRILINTA,LIPITOR,DIZZINESS
2,22,BRILINTA,LIPITOR,DIZZINESS
1,56,BRILINTA,LIPITOR,CHEST PAIN
2,13,BRILINTA,LIPITOR,CHEST PAIN
1,28,BRILINTA,LIPITOR,CONTUSION
2,21,BRILINTA,LIPITOR,CONTUSION
1,28,BRILINTA,LIPITOR,NAUSEA
2,17,BRILINTA,LIPITOR,NAUSEA
1,25,BRILINTA,LIPITOR,HEADACHE
2,19,BRILINTA,LIPITOR,HEADACHE
1,73,BRILINTA,LIPITOR,CORONARY ARTERY OCCLUSION
2,1,BRILINTA,LIPITOR,CORONARY ARTERY OCCLUSION
1,1,BRILINTA,METOPROLOL SUCCINATE.,DYSPNOEA
1,2,BRILINTA,METOPROLOL SUCCINATE.,MYOCARDIAL INFARCTION
1,1,BRILINTA,METOPROLOL SUCCINATE.,CHEST PAIN
1,1,BRILINTA,METOPROLOL SUCCINATE.,ACUTE MYOCARDIAL INFARCTION
1,1,BRILINTA,METOPROLOL SUCCINATE.,ASTHENIA
1,2,BRILINTA,METOPROLOL SUCCINATE.,DECREASED APPETITE
1,5,BRILINTA,METOPROLOL SUCCINATE.,DRUG INEFFECTIVE
1,125,BRILINTA,PLAVIX,DYSPNOEA
2,67,BRILINTA,PLAVIX,DYSPNOEA
1,114,BRILINTA,PLAVIX,MYOCARDIAL INFARCTION
1,44,BRILINTA,PLAVIX,OFF LABEL USE
2,13,BRILINTA,PLAVIX,OFF LABEL USE
1,55,BRILINTA,PLAVIX,CHEST PAIN
2,18,BRILINTA,PLAVIX,CHEST PAIN
1,26,BRILINTA,PLAVIX,CONTUSION
2,14,BRILINTA,PLAVIX,CONTUSION
1,26,BRILINTA,PLAVIX,DIZZINESS
2,14,BRILINTA,PLAVIX,DIZZINESS
1,30,BRILINTA,PLAVIX,EPISTAXIS
2,10,BRILINTA,PLAVIX,EPISTAXIS
1,37,BRILINTA,PLAVIX,WEIGHT DECREASED
2,10,BRILINTA,PLAVIX,WEIGHT DECREASED
1,28,BRILINTA,PLAVIX,FATIGUE
2,9,BRILINTA,PLAVIX,FATIGUE
1,24,BRILINTA,PLAVIX,HEADACHE
2,11,BRILINTA,PLAVIX,HEADACHE
1,117,BRILINTA,METOPROLOL.,MYOCARDIAL INFARCTION
1,70,BRILINTA,METOPROLOL.,DYSPNOEA
2,26,BRILINTA,METOPROLOL.,DYSPNOEA
1,28,BRILINTA,METOPROLOL.,CONTUSION
2,15,BRILINTA,METOPROLOL.,CONTUSION
1,24,BRILINTA,METOPROLOL.,FATIGUE
2,18,BRILINTA,METOPROLOL.,FATIGUE
1,27,BRILINTA,METOPROLOL.,OFF LABEL USE
2,13,BRILINTA,METOPROLOL.,OFF LABEL USE
1,40,BRILINTA,METOPROLOL.,CHEST PAIN
2,8,BRILINTA,METOPROLOL.,CHEST PAIN
1,22,BRILINTA,METOPROLOL.,DIZZINESS
2,12,BRILINTA,METOPROLOL.,DIZZINESS
1,20,BRILINTA,METOPROLOL.,NAUSEA
2,10,BRILINTA,METOPROLOL.,NAUSEA
1,19,BRILINTA,METOPROLOL.,EPISTAXIS
2,8,BRILINTA,METOPROLOL.,EPISTAXIS
1,15,BRILINTA,METOPROLOL.,HEADACHE
2,11,BRILINTA,METOPROLOL.,HEADACHE
1,84,BRILINTA,METFORMIN,DYSPNOEA
2,36,BRILINTA,METFORMIN,DYSPNOEA
1,102,BRILINTA,METFORMIN,MYOCARDIAL INFARCTION
1,47,BRILINTA,METFORMIN,OFF LABEL USE
2,17,BRILINTA,METFORMIN,OFF LABEL USE
1,43,BRILINTA,METFORMIN,CHEST PAIN
2,10,BRILINTA,METFORMIN,CHEST PAIN
1,26,BRILINTA,METFORMIN,DIZZINESS
2,13,BRILINTA,METFORMIN,DIZZINESS
1,26,BRILINTA,METFORMIN,FATIGUE
2,10,BRILINTA,METFORMIN,FATIGUE
1,27,BRILINTA,METFORMIN,WEIGHT DECREASED
2,18,BRILINTA,METFORMIN,WEIGHT DECREASED
1,62,BRILINTA,METFORMIN,CORONARY ARTERY OCCLUSION
1,19,BRILINTA,METFORMIN,DIARRHOEA
2,11,BRILINTA,METFORMIN,DIARRHOEA
1,64,BRILINTA,METFORMIN,BLOOD GLUCOSE INCREASED
2,30,BRILINTA,METFORMIN,BLOOD GLUCOSE INCREASED
1,106,BRILINTA,CARVEDILOL.,MYOCARDIAL INFARCTION
2,1,BRILINTA,CARVEDILOL.,MYOCARDIAL INFARCTION
1,59,BRILINTA,CARVEDILOL.,DYSPNOEA
2,28,BRILINTA,CARVEDILOL.,DYSPNOEA
1,25,BRILINTA,CARVEDILOL.,OFF LABEL USE
2,21,BRILINTA,CARVEDILOL.,OFF LABEL USE
1,24,BRILINTA,CARVEDILOL.,DIZZINESS
2,17,BRILINTA,CARVEDILOL.,DIZZINESS
1,21,BRILINTA,CARVEDILOL.,CONTUSION
2,12,BRILINTA,CARVEDILOL.,CONTUSION
1,23,BRILINTA,CARVEDILOL.,FATIGUE
2,10,BRILINTA,CARVEDILOL.,FATIGUE
1,27,BRILINTA,CARVEDILOL.,ASTHENIA
2,5,BRILINTA,CARVEDILOL.,ASTHENIA
1,14,BRILINTA,CARVEDILOL.,MALAISE
2,13,BRILINTA,CARVEDILOL.,MALAISE
1,30,BRILINTA,CARVEDILOL.,CHEST PAIN
2,6,BRILINTA,CARVEDILOL.,CHEST PAIN
2,16,BRILINTA,CARVEDILOL.,HEADACHE
1,9,BRILINTA,CARVEDILOL.,HEADACHE
1,2,PULMICORT,PULMICORT TURBUHALER,DYSPNOEA
2,1,PULMICORT,PULMICORT TURBUHALER,DYSPNOEA
1,1,PULMICORT,PULMICORT TURBUHALER,ASTHMA
1,7,PULMICORT,PULMICORT TURBUHALER,DRUG INEFFECTIVE
1,1,PULMICORT,PULMICORT TURBUHALER,PNEUMONIA
2,1,PULMICORT,PULMICORT TURBUHALER,COUGH
1,1,PULMICORT,PULMICORT TURBUHALER,DIZZINESS
1,383,PULMICORT,PULMICORT,DYSPNOEA
2,216,PULMICORT,PULMICORT,DYSPNOEA
1,309,PULMICORT,PULMICORT,ASTHMA
2,117,PULMICORT,PULMICORT,ASTHMA
1,440,PULMICORT,PULMICORT,DRUG INEFFECTIVE
2,396,PULMICORT,PULMICORT,DRUG INEFFECTIVE
1,232,PULMICORT,PULMICORT,PNEUMONIA
2,22,PULMICORT,PULMICORT,PNEUMONIA
1,177,PULMICORT,PULMICORT,NAUSEA
2,68,PULMICORT,PULMICORT,NAUSEA
1,141,PULMICORT,PULMICORT,COUGH
2,80,PULMICORT,PULMICORT,COUGH
1,154,PULMICORT,PULMICORT,DIZZINESS
2,66,PULMICORT,PULMICORT,DIZZINESS
1,145,PULMICORT,PULMICORT,HEADACHE
2,58,PULMICORT,PULMICORT,HEADACHE
1,150,PULMICORT,PULMICORT,FATIGUE
2,50,PULMICORT,PULMICORT,FATIGUE
1,129,PULMICORT,PULMICORT,MALAISE
2,67,PULMICORT,PULMICORT,MALAISE
1,383,PULMICORT,PULMICORT FLEXHALER,DYSPNOEA
2,216,PULMICORT,PULMICORT FLEXHALER,DYSPNOEA
1,309,PULMICORT,PULMICORT FLEXHALER,ASTHMA
2,117,PULMICORT,PULMICORT FLEXHALER,ASTHMA
1,440,PULMICORT,PULMICORT FLEXHALER,DRUG INEFFECTIVE
2,396,PULMICORT,PULMICORT FLEXHALER,DRUG INEFFECTIVE
1,232,PULMICORT,PULMICORT FLEXHALER,PNEUMONIA
2,22,PULMICORT,PULMICORT FLEXHALER,PNEUMONIA
1,177,PULMICORT,PULMICORT FLEXHALER,NAUSEA
2,68,PULMICORT,PULMICORT FLEXHALER,NAUSEA
1,141,PULMICORT,PULMICORT FLEXHALER,COUGH
2,80,PULMICORT,PULMICORT FLEXHALER,COUGH
1,154,PULMICORT,PULMICORT FLEXHALER,DIZZINESS
2,66,PULMICORT,PULMICORT FLEXHALER,DIZZINESS
1,145,PULMICORT,PULMICORT FLEXHALER,HEADACHE
2,58,PULMICORT,PULMICORT FLEXHALER,HEADACHE
1,150,PULMICORT,PULMICORT FLEXHALER,FATIGUE
2,50,PULMICORT,PULMICORT FLEXHALER,FATIGUE
1,129,PULMICORT,PULMICORT FLEXHALER,MALAISE
2,67,PULMICORT,PULMICORT FLEXHALER,MALAISE
1,518,PULMICORT,SINGULAIR,ASTHMA
2,80,PULMICORT,SINGULAIR,ASTHMA
1,376,PULMICORT,SINGULAIR,DYSPNOEA
2,104,PULMICORT,SINGULAIR,DYSPNOEA
1,288,PULMICORT,SINGULAIR,COUGH
2,73,PULMICORT,SINGULAIR,COUGH
1,303,PULMICORT,SINGULAIR,DRUG INEFFECTIVE
2,171,PULMICORT,SINGULAIR,DRUG INEFFECTIVE
1,202,PULMICORT,SINGULAIR,WHEEZING
2,29,PULMICORT,SINGULAIR,WHEEZING
1,205,PULMICORT,SINGULAIR,PNEUMONIA
2,5,PULMICORT,SINGULAIR,PNEUMONIA
1,165,PULMICORT,SINGULAIR,MALAISE
2,32,PULMICORT,SINGULAIR,MALAISE
1,149,PULMICORT,SINGULAIR,FATIGUE
2,36,PULMICORT,SINGULAIR,FATIGUE
1,133,PULMICORT,SINGULAIR,HEADACHE
2,40,PULMICORT,SINGULAIR,HEADACHE
1,125,PULMICORT,SINGULAIR,NASOPHARYNGITIS
2,19,PULMICORT,SINGULAIR,NASOPHARYNGITIS
1,318,PULMICORT,SPIRIVA,DYSPNOEA
2,111,PULMICORT,SPIRIVA,DYSPNOEA
1,377,PULMICORT,SPIRIVA,ASTHMA
2,20,PULMICORT,SPIRIVA,ASTHMA
1,194,PULMICORT,SPIRIVA,COUGH
2,36,PULMICORT,SPIRIVA,COUGH
1,191,PULMICORT,SPIRIVA,PNEUMONIA
2,4,PULMICORT,SPIRIVA,PNEUMONIA
1,173,PULMICORT,SPIRIVA,DRUG INEFFECTIVE
2,125,PULMICORT,SPIRIVA,DRUG INEFFECTIVE
1,141,PULMICORT,SPIRIVA,WHEEZING
2,15,PULMICORT,SPIRIVA,WHEEZING
1,111,PULMICORT,SPIRIVA,FATIGUE
2,16,PULMICORT,SPIRIVA,FATIGUE
1,110,PULMICORT,SPIRIVA,MALAISE
2,16,PULMICORT,SPIRIVA,MALAISE
1,129,PULMICORT,SPIRIVA,CHRONIC OBSTRUCTIVE PULMONARY DISEASE
2,14,PULMICORT,SPIRIVA,CHRONIC OBSTRUCTIVE PULMONARY DISEASE
1,113,PULMICORT,SPIRIVA,HYPERTENSION
2,4,PULMICORT,SPIRIVA,HYPERTENSION
1,4,PULMICORT,PULMICORT RESPULES,DYSPNOEA
2,1,PULMICORT,PULMICORT RESPULES,DYSPNOEA
1,2,PULMICORT,PULMICORT RESPULES,ASTHMA
1,4,PULMICORT,PULMICORT RESPULES,DRUG INEFFECTIVE
2,3,PULMICORT,PULMICORT RESPULES,DRUG INEFFECTIVE
1,3,PULMICORT,PULMICORT RESPULES,PNEUMONIA
1,2,PULMICORT,PULMICORT RESPULES,NAUSEA
1,4,PULMICORT,PULMICORT RESPULES,COUGH
1,3,PULMICORT,PULMICORT RESPULES,DIZZINESS
1,3,PULMICORT,PULMICORT RESPULES,HEADACHE
1,3,PULMICORT,PULMICORT RESPULES,FATIGUE
1,1,PULMICORT,PULMICORT RESPULES,MALAISE
2,124,PULMICORT,ALBUTEROL,DYSPNOEA
1,114,PULMICORT,ALBUTEROL,DYSPNOEA
1,94,PULMICORT,ALBUTEROL,ASTHMA
2,61,PULMICORT,ALBUTEROL,ASTHMA
2,68,PULMICORT,ALBUTEROL,COUGH
1,61,PULMICORT,ALBUTEROL,COUGH
2,163,PULMICORT,ALBUTEROL,DRUG INEFFECTIVE
1,131,PULMICORT,ALBUTEROL,DRUG INEFFECTIVE
1,79,PULMICORT,ALBUTEROL,PNEUMONIA
2,5,PULMICORT,ALBUTEROL,PNEUMONIA
1,43,PULMICORT,ALBUTEROL,WHEEZING
2,38,PULMICORT,ALBUTEROL,WHEEZING
1,42,PULMICORT,ALBUTEROL,DIZZINESS
2,26,PULMICORT,ALBUTEROL,DIZZINESS
1,51,PULMICORT,ALBUTEROL,NAUSEA
2,17,PULMICORT,ALBUTEROL,NAUSEA
1,36,PULMICORT,ALBUTEROL,HEADACHE
2,28,PULMICORT,ALBUTEROL,HEADACHE
1,38,PULMICORT,ALBUTEROL,MALAISE
2,24,PULMICORT,ALBUTEROL,MALAISE
1,467,PULMICORT,SYMBICORT,ASTHMA
2,51,PULMICORT,SYMBICORT,ASTHMA
1,346,PULMICORT,SYMBICORT,DYSPNOEA
2,86,PULMICORT,SYMBICORT,DYSPNOEA
1,220,PULMICORT,SYMBICORT,COUGH
2,42,PULMICORT,SYMBICORT,COUGH
1,203,PULMICORT,SYMBICORT,WHEEZING
2,24,PULMICORT,SYMBICORT,WHEEZING
1,250,PULMICORT,SYMBICORT,DRUG INEFFECTIVE
2,130,PULMICORT,SYMBICORT,DRUG INEFFECTIVE
1,155,PULMICORT,SYMBICORT,MALAISE
2,31,PULMICORT,SYMBICORT,MALAISE
1,139,PULMICORT,SYMBICORT,PNEUMONIA
2,8,PULMICORT,SYMBICORT,PNEUMONIA
1,127,PULMICORT,SYMBICORT,PRODUCTIVE COUGH
2,11,PULMICORT,SYMBICORT,PRODUCTIVE COUGH
1,141,PULMICORT,SYMBICORT,CHEST DISCOMFORT
2,25,PULMICORT,SYMBICORT,CHEST DISCOMFORT
2,63,PULMICORT,SYMBICORT,OFF LABEL USE
1,60,PULMICORT,SYMBICORT,OFF LABEL USE
1,439,PULMICORT,PREDNISONE.,ASTHMA
2,28,PULMICORT,PREDNISONE.,ASTHMA
1,368,PULMICORT,PREDNISONE.,DYSPNOEA
2,44,PULMICORT,PREDNISONE.,DYSPNOEA
1,288,PULMICORT,PREDNISONE.,COUGH
2,15,PULMICORT,PREDNISONE.,COUGH
1,231,PULMICORT,PREDNISONE.,WHEEZING
2,11,PULMICORT,PREDNISONE.,WHEEZING
1,224,PULMICORT,PREDNISONE.,DRUG INEFFECTIVE
2,43,PULMICORT,PREDNISONE.,DRUG INEFFECTIVE
1,157,PULMICORT,PREDNISONE.,PNEUMONIA
2,3,PULMICORT,PREDNISONE.,PNEUMONIA
1,146,PULMICORT,PREDNISONE.,MALAISE
2,10,PULMICORT,PREDNISONE.,MALAISE
1,172,PULMICORT,PREDNISONE.,CHEST DISCOMFORT
2,9,PULMICORT,PREDNISONE.,CHEST DISCOMFORT
1,121,PULMICORT,PREDNISONE.,FATIGUE
2,19,PULMICORT,PREDNISONE.,FATIGUE
1,172,PULMICORT,PREDNISONE.,OBSTRUCTIVE AIRWAYS DISORDER
2,4,PULMICORT,PREDNISONE.,OBSTRUCTIVE AIRWAYS DISORDER
1,388,PULMICORT,VENTOLIN,ASTHMA
2,28,PULMICORT,VENTOLIN,ASTHMA
1,349,PULMICORT,VENTOLIN,DYSPNOEA
2,37,PULMICORT,VENTOLIN,DYSPNOEA
1,255,PULMICORT,VENTOLIN,COUGH
2,23,PULMICORT,VENTOLIN,COUGH
1,189,PULMICORT,VENTOLIN,WHEEZING
2,13,PULMICORT,VENTOLIN,WHEEZING
1,144,PULMICORT,VENTOLIN,NASOPHARYNGITIS
2,5,PULMICORT,VENTOLIN,NASOPHARYNGITIS
1,201,PULMICORT,VENTOLIN,DRUG INEFFECTIVE
2,57,PULMICORT,VENTOLIN,DRUG INEFFECTIVE
1,140,PULMICORT,VENTOLIN,MALAISE
2,7,PULMICORT,VENTOLIN,MALAISE
1,145,PULMICORT,VENTOLIN,PNEUMONIA
2,1,PULMICORT,VENTOLIN,PNEUMONIA
1,179,PULMICORT,VENTOLIN,CHEST DISCOMFORT
2,14,PULMICORT,VENTOLIN,CHEST DISCOMFORT
1,135,PULMICORT,VENTOLIN,FATIGUE
2,7,PULMICORT,VENTOLIN,FATIGUE
1,376,PULMICORT,XOLAIR,ASTHMA
2,21,PULMICORT,XOLAIR,ASTHMA
1,274,PULMICORT,XOLAIR,DYSPNOEA
2,14,PULMICORT,XOLAIR,DYSPNOEA
1,202,PULMICORT,XOLAIR,COUGH
2,7,PULMICORT,XOLAIR,COUGH
1,169,PULMICORT,XOLAIR,MALAISE
2,1,PULMICORT,XOLAIR,MALAISE
1,151,PULMICORT,XOLAIR,WHEEZING
2,7,PULMICORT,XOLAIR,WHEEZING
1,146,PULMICORT,XOLAIR,NASOPHARYNGITIS
2,1,PULMICORT,XOLAIR,NASOPHARYNGITIS
1,294,PULMICORT,XOLAIR,BLOOD PRESSURE INCREASED
2,5,PULMICORT,XOLAIR,BLOOD PRESSURE INCREASED
1,127,PULMICORT,XOLAIR,HEADACHE
2,6,PULMICORT,XOLAIR,HEADACHE
1,124,PULMICORT,XOLAIR,FATIGUE
2,6,PULMICORT,XOLAIR,FATIGUE
1,168,PULMICORT,XOLAIR,WEIGHT DECREASED
2,5,PULMICORT,XOLAIR,WEIGHT DECREASED
1,838,FASLODEX,FASLODEX,FATIGUE
2,660,FASLODEX,FASLODEX,FATIGUE
1,553,FASLODEX,FASLODEX,NAUSEA
2,370,FASLODEX,FASLODEX,NAUSEA
1,1024,FASLODEX,FASLODEX,MALIGNANT NEOPLASM PROGRESSION
2,36,FASLODEX,FASLODEX,MALIGNANT NEOPLASM PROGRESSION
1,452,FASLODEX,FASLODEX,WHITE BLOOD CELL COUNT DECREASED
2,419,FASLODEX,FASLODEX,WHITE BLOOD CELL COUNT DECREASED
1,13,FASLODEX,FASLODEX,NEOPLASM PROGRESSION
2,1,FASLODEX,FASLODEX,NEOPLASM PROGRESSION
1,668,FASLODEX,FASLODEX,DEATH
1,430,FASLODEX,FASLODEX,DIARRHOEA
2,236,FASLODEX,FASLODEX,DIARRHOEA
1,428,FASLODEX,FASLODEX,PAIN
2,156,FASLODEX,FASLODEX,PAIN
1,414,FASLODEX,FASLODEX,ASTHENIA
2,146,FASLODEX,FASLODEX,ASTHENIA
1,412,FASLODEX,FASLODEX,DYSPNOEA
2,112,FASLODEX,FASLODEX,DYSPNOEA
2,547,FASLODEX,IBRANCE,FATIGUE
1,543,FASLODEX,IBRANCE,FATIGUE
2,405,FASLODEX,IBRANCE,WHITE BLOOD CELL COUNT DECREASED
1,380,FASLODEX,IBRANCE,WHITE BLOOD CELL COUNT DECREASED
1,1,FASLODEX,IBRANCE,NEOPLASM PROGRESSION
1,278,FASLODEX,IBRANCE,NAUSEA
2,270,FASLODEX,IBRANCE,NAUSEA
1,212,FASLODEX,IBRANCE,DIARRHOEA
2,169,FASLODEX,IBRANCE,DIARRHOEA
2,197,FASLODEX,IBRANCE,ALOPECIA
1,178,FASLODEX,IBRANCE,ALOPECIA
1,340,FASLODEX,IBRANCE,NEUTROPENIA
2,21,FASLODEX,IBRANCE,NEUTROPENIA
1,214,FASLODEX,IBRANCE,ASTHENIA
2,106,FASLODEX,IBRANCE,ASTHENIA
1,695,FASLODEX,IBRANCE,DECREASED APPETITE
2,597,FASLODEX,IBRANCE,DECREASED APPETITE
1,157,FASLODEX,IBRANCE,PAIN
2,92,FASLODEX,IBRANCE,PAIN
1,129,FASLODEX,XGEVA,FATIGUE
2,113,FASLODEX,XGEVA,FATIGUE
2,93,FASLODEX,XGEVA,WHITE BLOOD CELL COUNT DECREASED
1,77,FASLODEX,XGEVA,WHITE BLOOD CELL COUNT DECREASED
1,1,FASLODEX,XGEVA,NEOPLASM PROGRESSION
1,78,FASLODEX,XGEVA,NAUSEA
2,45,FASLODEX,XGEVA,NAUSEA
1,115,FASLODEX,XGEVA,NEUTROPENIA
2,2,FASLODEX,XGEVA,NEUTROPENIA
1,100,FASLODEX,XGEVA,MALIGNANT NEOPLASM PROGRESSION
2,4,FASLODEX,XGEVA,MALIGNANT NEOPLASM PROGRESSION
1,122,FASLODEX,XGEVA,METASTASES TO BONE
1,54,FASLODEX,XGEVA,DIARRHOEA
2,30,FASLODEX,XGEVA,DIARRHOEA
1,51,FASLODEX,XGEVA,PAIN
2,28,FASLODEX,XGEVA,PAIN
1,61,FASLODEX,XGEVA,ASTHENIA
2,17,FASLODEX,XGEVA,ASTHENIA
1,174,FASLODEX,ZOMETA,FATIGUE
2,43,FASLODEX,ZOMETA,FATIGUE
1,123,FASLODEX,ZOMETA,OSTEONECROSIS OF JAW
2,3,FASLODEX,ZOMETA,OSTEONECROSIS OF JAW
1,187,FASLODEX,ZOMETA,PAIN
2,14,FASLODEX,ZOMETA,PAIN
1,240,FASLODEX,ZOMETA,METASTASES TO BONE
1,130,FASLODEX,ZOMETA,NAUSEA
2,33,FASLODEX,ZOMETA,NAUSEA
1,128,FASLODEX,ZOMETA,BACK PAIN
2,10,FASLODEX,ZOMETA,BACK PAIN
1,172,FASLODEX,ZOMETA,MALIGNANT NEOPLASM PROGRESSION
2,3,FASLODEX,ZOMETA,MALIGNANT NEOPLASM PROGRESSION
1,123,FASLODEX,ZOMETA,OSTEONECROSIS
2,3,FASLODEX,ZOMETA,OSTEONECROSIS
1,113,FASLODEX,ZOMETA,ARTHRALGIA
2,10,FASLODEX,ZOMETA,ARTHRALGIA
1,118,FASLODEX,ZOMETA,ANXIETY
2,3,FASLODEX,ZOMETA,ANXIETY
1,139,FASLODEX,ARIMIDEX,MALIGNANT NEOPLASM PROGRESSION
2,1,FASLODEX,ARIMIDEX,MALIGNANT NEOPLASM PROGRESSION
1,76,FASLODEX,ARIMIDEX,FATIGUE
2,22,FASLODEX,ARIMIDEX,FATIGUE
1,155,FASLODEX,ARIMIDEX,METASTASES TO BONE
1,59,FASLODEX,ARIMIDEX,ARTHRALGIA
2,11,FASLODEX,ARIMIDEX,ARTHRALGIA
1,63,FASLODEX,ARIMIDEX,PAIN
2,7,FASLODEX,ARIMIDEX,PAIN
1,95,FASLODEX,ARIMIDEX,DISEASE PROGRESSION
2,11,FASLODEX,ARIMIDEX,DISEASE PROGRESSION
1,155,FASLODEX,ARIMIDEX,METASTASES TO LIVER
1,52,FASLODEX,ARIMIDEX,BACK PAIN
2,5,FASLODEX,ARIMIDEX,BACK PAIN
1,37,FASLODEX,ARIMIDEX,NAUSEA
2,18,FASLODEX,ARIMIDEX,NAUSEA
1,23,FASLODEX,ARIMIDEX,OSTEONECROSIS OF JAW
1,73,FASLODEX,LETROZOLE.,FATIGUE
2,44,FASLODEX,LETROZOLE.,FATIGUE
1,107,FASLODEX,LETROZOLE.,MALIGNANT NEOPLASM PROGRESSION
2,5,FASLODEX,LETROZOLE.,MALIGNANT NEOPLASM PROGRESSION
1,1,FASLODEX,LETROZOLE.,NEOPLASM PROGRESSION
1,90,FASLODEX,LETROZOLE.,METASTASES TO BONE
2,1,FASLODEX,LETROZOLE.,METASTASES TO BONE
1,33,FASLODEX,LETROZOLE.,WHITE BLOOD CELL COUNT DECREASED
2,27,FASLODEX,LETROZOLE.,WHITE BLOOD CELL COUNT DECREASED
1,46,FASLODEX,LETROZOLE.,PAIN
2,10,FASLODEX,LETROZOLE.,PAIN
1,90,FASLODEX,LETROZOLE.,METASTASES TO LIVER
2,1,FASLODEX,LETROZOLE.,METASTASES TO LIVER
1,34,FASLODEX,LETROZOLE.,ALOPECIA
2,19,FASLODEX,LETROZOLE.,ALOPECIA
1,26,FASLODEX,LETROZOLE.,NAUSEA
2,25,FASLODEX,LETROZOLE.,NAUSEA
1,49,FASLODEX,LETROZOLE.,DISEASE PROGRESSION
2,14,FASLODEX,LETROZOLE.,DISEASE PROGRESSION
1,156,FASLODEX,FEMARA,MALIGNANT NEOPLASM PROGRESSION
2,1,FASLODEX,FEMARA,MALIGNANT NEOPLASM PROGRESSION
1,85,FASLODEX,FEMARA,FATIGUE
2,18,FASLODEX,FEMARA,FATIGUE
1,136,FASLODEX,FEMARA,METASTASES TO BONE
2,1,FASLODEX,FEMARA,METASTASES TO BONE
1,27,FASLODEX,FEMARA,OSTEONECROSIS OF JAW
1,78,FASLODEX,FEMARA,PAIN
2,4,FASLODEX,FEMARA,PAIN
1,58,FASLODEX,FEMARA,ARTHRALGIA
2,8,FASLODEX,FEMARA,ARTHRALGIA
1,54,FASLODEX,FEMARA,NAUSEA
2,12,FASLODEX,FEMARA,NAUSEA
1,60,FASLODEX,FEMARA,ANXIETY
2,2,FASLODEX,FEMARA,ANXIETY
1,61,FASLODEX,FEMARA,BACK PAIN
2,1,FASLODEX,FEMARA,BACK PAIN
1,56,FASLODEX,FEMARA,DYSPNOEA
2,6,FASLODEX,FEMARA,DYSPNOEA
1,131,FASLODEX,XELODA,MALIGNANT NEOPLASM PROGRESSION
2,4,FASLODEX,XELODA,MALIGNANT NEOPLASM PROGRESSION
1,148,FASLODEX,XELODA,METASTASES TO BONE
1,33,FASLODEX,XELODA,OSTEONECROSIS OF JAW
2,1,FASLODEX,XELODA,OSTEONECROSIS OF JAW
1,148,FASLODEX,XELODA,METASTASES TO LIVER
1,115,FASLODEX,XELODA,DISEASE PROGRESSION
2,15,FASLODEX,XELODA,DISEASE PROGRESSION
1,69,FASLODEX,XELODA,FATIGUE
2,4,FASLODEX,XELODA,FATIGUE
1,69,FASLODEX,XELODA,PAIN
2,4,FASLODEX,XELODA,PAIN
1,65,FASLODEX,XELODA,DYSPNOEA
1,58,FASLODEX,XELODA,DIARRHOEA
2,4,FASLODEX,XELODA,DIARRHOEA
1,64,FASLODEX,XELODA,NEUROPATHY PERIPHERAL
2,6,FASLODEX,XELODA,NEUROPATHY PERIPHERAL
1,184,FASLODEX,TAMOXIFEN,MALIGNANT NEOPLASM PROGRESSION
2,1,FASLODEX,TAMOXIFEN,MALIGNANT NEOPLASM PROGRESSION
1,197,FASLODEX,TAMOXIFEN,METASTASES TO BONE
1,197,FASLODEX,TAMOXIFEN,METASTASES TO LIVER
1,66,FASLODEX,TAMOXIFEN,FATIGUE
2,17,FASLODEX,TAMOXIFEN,FATIGUE
1,73,FASLODEX,TAMOXIFEN,PAIN
2,8,FASLODEX,TAMOXIFEN,PAIN
1,17,FASLODEX,TAMOXIFEN,OSTEONECROSIS OF JAW
1,48,FASLODEX,TAMOXIFEN,ARTHRALGIA
2,11,FASLODEX,TAMOXIFEN,ARTHRALGIA
1,55,FASLODEX,TAMOXIFEN,BACK PAIN
2,4,FASLODEX,TAMOXIFEN,BACK PAIN
1,57,FASLODEX,TAMOXIFEN,ANXIETY
1,53,FASLODEX,TAMOXIFEN,NEUROPATHY PERIPHERAL
2,6,FASLODEX,TAMOXIFEN,NEUROPATHY PERIPHERAL
1,123,FASLODEX,AROMASIN,MALIGNANT NEOPLASM PROGRESSION
2,3,FASLODEX,AROMASIN,MALIGNANT NEOPLASM PROGRESSION
1,123,FASLODEX,AROMASIN,METASTASES TO BONE
1,23,FASLODEX,AROMASIN,OSTEONECROSIS OF JAW
1,85,FASLODEX,AROMASIN,DISEASE PROGRESSION
2,24,FASLODEX,AROMASIN,DISEASE PROGRESSION
1,58,FASLODEX,AROMASIN,PAIN
2,7,FASLODEX,AROMASIN,PAIN
1,53,FASLODEX,AROMASIN,FATIGUE
2,9,FASLODEX,AROMASIN,FATIGUE
1,123,FASLODEX,AROMASIN,METASTASES TO LIVER
1,48,FASLODEX,AROMASIN,BACK PAIN
2,3,FASLODEX,AROMASIN,BACK PAIN
1,41,FASLODEX,AROMASIN,ARTHRALGIA
2,8,FASLODEX,AROMASIN,ARTHRALGIA
1,98,FASLODEX,AROMASIN,BREAST CANCER METASTATIC
2,17,FASLODEX,AROMASIN,BREAST CANCER METASTATIC
1,58,FASLODEX,CALCIUM,FATIGUE
2,40,FASLODEX,CALCIUM,FATIGUE
1,35,FASLODEX,CALCIUM,WHITE BLOOD CELL COUNT DECREASED
2,32,FASLODEX,CALCIUM,WHITE BLOOD CELL COUNT DECREASED
1,33,FASLODEX,CALCIUM,NAUSEA
2,19,FASLODEX,CALCIUM,NAUSEA
1,34,FASLODEX,CALCIUM,ARTHRALGIA
2,11,FASLODEX,CALCIUM,ARTHRALGIA
1,33,FASLODEX,CALCIUM,DIARRHOEA
2,12,FASLODEX,CALCIUM,DIARRHOEA
1,33,FASLODEX,CALCIUM,PAIN
2,8,FASLODEX,CALCIUM,PAIN
1,29,FASLODEX,CALCIUM,ASTHENIA
2,11,FASLODEX,CALCIUM,ASTHENIA
1,1,FASLODEX,CALCIUM,NEOPLASM PROGRESSION
1,30,FASLODEX,CALCIUM,BACK PAIN
2,6,FASLODEX,CALCIUM,BACK PAIN
1,28,FASLODEX,CALCIUM,CONSTIPATION
2,5,FASLODEX,CALCIUM,CONSTIPATION
1,725,ZOLADEX,ZOLADEX,DEATH
2,1,ZOLADEX,ZOLADEX,DEATH
1,572,ZOLADEX,ZOLADEX,MALIGNANT NEOPLASM PROGRESSION
2,1,ZOLADEX,ZOLADEX,MALIGNANT NEOPLASM PROGRESSION
1,255,ZOLADEX,ZOLADEX,FATIGUE
2,50,ZOLADEX,ZOLADEX,FATIGUE
1,230,ZOLADEX,ZOLADEX,HOT FLUSH
2,62,ZOLADEX,ZOLADEX,HOT FLUSH
1,389,ZOLADEX,ZOLADEX,METASTASES TO BONE
2,5,ZOLADEX,ZOLADEX,METASTASES TO BONE
1,214,ZOLADEX,ZOLADEX,NAUSEA
2,26,ZOLADEX,ZOLADEX,NAUSEA
1,198,ZOLADEX,ZOLADEX,PAIN
2,18,ZOLADEX,ZOLADEX,PAIN
1,186,ZOLADEX,ZOLADEX,DYSPNOEA
2,21,ZOLADEX,ZOLADEX,DYSPNOEA
1,173,ZOLADEX,ZOLADEX,ASTHENIA
2,15,ZOLADEX,ZOLADEX,ASTHENIA
1,157,ZOLADEX,ZOLADEX,HEADACHE
2,27,ZOLADEX,ZOLADEX,HEADACHE
1,124,ZOLADEX,CASODEX,MALIGNANT NEOPLASM PROGRESSION
1,64,ZOLADEX,CASODEX,INTERSTITIAL LUNG DISEASE
2,2,ZOLADEX,CASODEX,INTERSTITIAL LUNG DISEASE
1,49,ZOLADEX,CASODEX,DEATH
2,1,ZOLADEX,CASODEX,DEATH
1,45,ZOLADEX,CASODEX,PROSTATIC SPECIFIC ANTIGEN INCREASED
2,5,ZOLADEX,CASODEX,PROSTATIC SPECIFIC ANTIGEN INCREASED
1,36,ZOLADEX,CASODEX,ANAEMIA
2,2,ZOLADEX,CASODEX,ANAEMIA
1,37,ZOLADEX,CASODEX,FATIGUE
2,1,ZOLADEX,CASODEX,FATIGUE
1,27,ZOLADEX,CASODEX,OSTEONECROSIS OF JAW
1,35,ZOLADEX,CASODEX,ASTHENIA
1,31,ZOLADEX,CASODEX,DYSPNOEA
2,3,ZOLADEX,CASODEX,DYSPNOEA
1,33,ZOLADEX,CASODEX,HOT FLUSH
2,1,ZOLADEX,CASODEX,HOT FLUSH
1,76,ZOLADEX,ZOMETA,OSTEONECROSIS OF JAW
2,1,ZOLADEX,ZOMETA,OSTEONECROSIS OF JAW
1,76,ZOLADEX,ZOMETA,OSTEONECROSIS
2,1,ZOLADEX,ZOMETA,OSTEONECROSIS
1,70,ZOLADEX,ZOMETA,PAIN
2,1,ZOLADEX,ZOMETA,PAIN
1,86,ZOLADEX,ZOMETA,METASTASES TO BONE
1,56,ZOLADEX,ZOMETA,OSTEOMYELITIS
2,1,ZOLADEX,ZOMETA,OSTEOMYELITIS
1,53,ZOLADEX,ZOMETA,BACK PAIN
2,3,ZOLADEX,ZOMETA,BACK PAIN
1,44,ZOLADEX,ZOMETA,FATIGUE
2,9,ZOLADEX,ZOMETA,FATIGUE
1,51,ZOLADEX,ZOMETA,ANAEMIA
1,72,ZOLADEX,ZOMETA,MALIGNANT NEOPLASM PROGRESSION
2,1,ZOLADEX,ZOMETA,MALIGNANT NEOPLASM PROGRESSION
1,70,ZOLADEX,ZOMETA,PAIN IN JAW
2,1,ZOLADEX,ZOMETA,PAIN IN JAW
1,4,ZOLADEX,ZOLADEX LA,DEATH
1,5,ZOLADEX,ZOLADEX LA,MALIGNANT NEOPLASM PROGRESSION
1,4,ZOLADEX,ZOLADEX LA,FATIGUE
1,1,ZOLADEX,ZOLADEX LA,HOT FLUSH
1,2,ZOLADEX,ZOLADEX LA,METASTASES TO BONE
1,4,ZOLADEX,ZOLADEX LA,NAUSEA
1,3,ZOLADEX,ZOLADEX LA,PAIN
1,6,ZOLADEX,ZOLADEX LA,DYSPNOEA
1,3,ZOLADEX,ZOLADEX LA,ASTHENIA
1,4,ZOLADEX,ZOLADEX LA,HEADACHE
1,69,ZOLADEX,LETROZOLE.,MALIGNANT NEOPLASM PROGRESSION
1,80,ZOLADEX,LETROZOLE.,METASTASES TO BONE
1,35,ZOLADEX,LETROZOLE.,NEUTROPENIA
2,1,ZOLADEX,LETROZOLE.,NEUTROPENIA
1,34,ZOLADEX,LETROZOLE.,DISEASE PROGRESSION
2,2,ZOLADEX,LETROZOLE.,DISEASE PROGRESSION
1,22,ZOLADEX,LETROZOLE.,FATIGUE
2,9,ZOLADEX,LETROZOLE.,FATIGUE
1,22,ZOLADEX,LETROZOLE.,NAUSEA
2,6,ZOLADEX,LETROZOLE.,NAUSEA
1,71,ZOLADEX,LETROZOLE.,BREAST CANCER METASTATIC
2,3,ZOLADEX,LETROZOLE.,BREAST CANCER METASTATIC
1,24,ZOLADEX,LETROZOLE.,HEADACHE
2,2,ZOLADEX,LETROZOLE.,HEADACHE
1,80,ZOLADEX,LETROZOLE.,METASTASES TO LIVER
1,19,ZOLADEX,LETROZOLE.,ARTHRALGIA
2,2,ZOLADEX,LETROZOLE.,ARTHRALGIA
1,85,ZOLADEX,TAMOXIFEN,MALIGNANT NEOPLASM PROGRESSION
1,98,ZOLADEX,TAMOXIFEN,METASTASES TO BONE
1,98,ZOLADEX,TAMOXIFEN,METASTASES TO LIVER
1,47,ZOLADEX,TAMOXIFEN,DISEASE PROGRESSION
1,96,ZOLADEX,TAMOXIFEN,BREAST CANCER
1,96,ZOLADEX,TAMOXIFEN,BREAST CANCER METASTATIC
1,25,ZOLADEX,TAMOXIFEN,JAUNDICE
1,21,ZOLADEX,TAMOXIFEN,PLEURAL EFFUSION
1,19,ZOLADEX,TAMOXIFEN,HEADACHE
2,1,ZOLADEX,TAMOXIFEN,HEADACHE
1,98,ZOLADEX,TAMOXIFEN,METASTASES TO CENTRAL NERVOUS SYSTEM
1,3,ZOLADEX,XGEVA,OSTEONECROSIS OF JAW
1,21,ZOLADEX,XGEVA,FATIGUE
2,3,ZOLADEX,XGEVA,FATIGUE
1,20,ZOLADEX,XGEVA,DEATH
1,18,ZOLADEX,XGEVA,NAUSEA
2,2,ZOLADEX,XGEVA,NAUSEA
1,19,ZOLADEX,XGEVA,NEUTROPENIA
1,18,ZOLADEX,XGEVA,HYPOCALCAEMIA
1,15,ZOLADEX,XGEVA,PAIN
1,13,ZOLADEX,XGEVA,WEIGHT DECREASED
2,2,ZOLADEX,XGEVA,WEIGHT DECREASED
1,21,ZOLADEX,XGEVA,METASTASES TO BONE
1,11,ZOLADEX,XGEVA,ASTHENIA
2,1,ZOLADEX,XGEVA,ASTHENIA
1,25,ZOLADEX,XTANDI,FATIGUE
2,15,ZOLADEX,XTANDI,FATIGUE
1,24,ZOLADEX,XTANDI,NAUSEA
2,3,ZOLADEX,XTANDI,NAUSEA
1,27,ZOLADEX,XTANDI,MALIGNANT NEOPLASM PROGRESSION
1,38,ZOLADEX,XTANDI,DECREASED APPETITE
2,1,ZOLADEX,XTANDI,DECREASED APPETITE
1,13,ZOLADEX,XTANDI,ASTHENIA
2,5,ZOLADEX,XTANDI,ASTHENIA
1,18,ZOLADEX,XTANDI,DEATH
1,15,ZOLADEX,XTANDI,FALL
2,3,ZOLADEX,XTANDI,FALL
1,17,ZOLADEX,XTANDI,PROSTATIC SPECIFIC ANTIGEN INCREASED
2,2,ZOLADEX,XTANDI,PROSTATIC SPECIFIC ANTIGEN INCREASED
1,18,ZOLADEX,XTANDI,DRUG INEFFECTIVE
2,8,ZOLADEX,XTANDI,DRUG INEFFECTIVE
1,11,ZOLADEX,XTANDI,PLATELET COUNT DECREASED
1,17,ZOLADEX,ASPIRIN,DYSPNOEA
2,1,ZOLADEX,ASPIRIN,DYSPNOEA
1,17,ZOLADEX,ASPIRIN,FATIGUE
1,16,ZOLADEX,ASPIRIN,ANAEMIA
1,22,ZOLADEX,ASPIRIN,BONE DISORDER
1,16,ZOLADEX,ASPIRIN,DEPRESSION
1,13,ZOLADEX,ASPIRIN,PAIN
2,1,ZOLADEX,ASPIRIN,PAIN
1,12,ZOLADEX,ASPIRIN,NAUSEA
2,1,ZOLADEX,ASPIRIN,NAUSEA
1,12,ZOLADEX,ASPIRIN,ASTHENIA
1,12,ZOLADEX,ASPIRIN,DIARRHOEA
1,8,ZOLADEX,ASPIRIN,ANXIETY
2,1,ZOLADEX,ASPIRIN,ANXIETY
1,25,ZOLADEX,TAXOTERE,OSTEONECROSIS
1,25,ZOLADEX,TAXOTERE,OSTEONECROSIS OF JAW
1,21,ZOLADEX,TAXOTERE,NAUSEA
1,39,ZOLADEX,TAXOTERE,BONE DISORDER
1,20,ZOLADEX,TAXOTERE,OSTEOMYELITIS
1,23,ZOLADEX,TAXOTERE,MALIGNANT NEOPLASM PROGRESSION
1,17,ZOLADEX,TAXOTERE,FATIGUE
2,1,ZOLADEX,TAXOTERE,FATIGUE
1,18,ZOLADEX,TAXOTERE,PAIN
1,16,ZOLADEX,TAXOTERE,DYSPNOEA
2,1,ZOLADEX,TAXOTERE,DYSPNOEA
1,10,ZOLADEX,TAXOTERE,ALOPECIA
2,6,ZOLADEX,TAXOTERE,ALOPECIA
1,12,ZOLADEX,ZYTIGA,FATIGUE
2,4,ZOLADEX,ZYTIGA,FATIGUE
1,13,ZOLADEX,ZYTIGA,DEATH
1,2,ZOLADEX,ZYTIGA,OSTEONECROSIS OF JAW
1,9,ZOLADEX,ZYTIGA,ASTHENIA
2,2,ZOLADEX,ZYTIGA,ASTHENIA
1,12,ZOLADEX,ZYTIGA,PROSTATIC SPECIFIC ANTIGEN INCREASED
1,16,ZOLADEX,ZYTIGA,PROSTATE CANCER
1,29,ZOLADEX,ZYTIGA,DECREASED APPETITE
2,4,ZOLADEX,ZYTIGA,DECREASED APPETITE
1,16,ZOLADEX,ZYTIGA,DRUG INEFFECTIVE
2,1,ZOLADEX,ZYTIGA,DRUG INEFFECTIVE
1,8,ZOLADEX,ZYTIGA,HEPATIC FUNCTION ABNORMAL
2,1,ZOLADEX,ZYTIGA,HEPATIC FUNCTION ABNORMAL
1,8,ZOLADEX,ZYTIGA,MALIGNANT NEOPLASM PROGRESSION
1,55,SELOKEN,SELOKEN,ANAEMIA
2,1,SELOKEN,SELOKEN,ANAEMIA
1,105,SELOKEN,SELOKEN,DRUG INTERACTION
2,4,SELOKEN,SELOKEN,DRUG INTERACTION
1,44,SELOKEN,SELOKEN,PYREXIA
1,41,SELOKEN,SELOKEN,FALL
1,38,SELOKEN,SELOKEN,DYSPNOEA
1,38,SELOKEN,SELOKEN,MALAISE
1,92,SELOKEN,SELOKEN,RENAL FAILURE
1,33,SELOKEN,SELOKEN,HYPOTENSION
1,63,SELOKEN,SELOKEN,CARDIAC FAILURE
2,1,SELOKEN,SELOKEN,CARDIAC FAILURE
1,35,SELOKEN,SELOKEN,CHEST PAIN
2,1,SELOKEN,SELOKEN,CHEST PAIN
1,1,SELOKEN,SELOKEN                            /00376902/,DRUG INTERACTION
1,22,SELOKEN,PLAVIX,DRUG INTERACTION
1,16,SELOKEN,PLAVIX,CHEST PAIN
1,9,SELOKEN,PLAVIX,THROMBOCYTOPENIA
1,13,SELOKEN,PLAVIX,MYOCARDIAL INFARCTION
1,7,SELOKEN,PLAVIX,ANAEMIA
1,7,SELOKEN,PLAVIX,EOSINOPHILIA
1,6,SELOKEN,PLAVIX,DYSPNOEA
1,6,SELOKEN,PLAVIX,HAEMATEMESIS
1,6,SELOKEN,PLAVIX,MALAISE
1,10,SELOKEN,PLAVIX,BLOOD PRESSURE INCREASED
1,1,SELOKEN,SELOKEN ZOC,DRUG INTERACTION
1,20,SELOKEN,LASIX,RENAL FAILURE
1,10,SELOKEN,LASIX,HYPERKALAEMIA
1,9,SELOKEN,LASIX,BRADYCARDIA
1,8,SELOKEN,LASIX,INTERNATIONAL NORMALISED RATIO INCREASED
2,1,SELOKEN,LASIX,INTERNATIONAL NORMALISED RATIO INCREASED
1,9,SELOKEN,LASIX,PRURITUS
1,8,SELOKEN,LASIX,ANAEMIA
1,18,SELOKEN,LASIX,BLOOD CREATININE INCREASED
1,8,SELOKEN,LASIX,DEHYDRATION
1,20,SELOKEN,LASIX,DRUG INTERACTION
2,1,SELOKEN,LASIX,DRUG INTERACTION
1,7,SELOKEN,LASIX,PNEUMONIA
1,12,SELOKEN,KARDEGIC,THROMBOCYTOPENIA
1,11,SELOKEN,KARDEGIC,CONFUSIONAL STATE
1,12,SELOKEN,KARDEGIC,DRUG INTERACTION
1,10,SELOKEN,KARDEGIC,ANAEMIA
1,19,SELOKEN,KARDEGIC,ACUTE KIDNEY INJURY
1,8,SELOKEN,KARDEGIC,FALL
1,7,SELOKEN,KARDEGIC,CHEST PAIN
1,7,SELOKEN,KARDEGIC,DIARRHOEA
1,9,SELOKEN,KARDEGIC,GASTROINTESTINAL DISORDER
1,7,SELOKEN,KARDEGIC,HYPONATRAEMIA
1,15,SELOKEN,ASPIRIN,CARDIAC FAILURE
2,1,SELOKEN,ASPIRIN,CARDIAC FAILURE
1,11,SELOKEN,ASPIRIN,PYREXIA
1,8,SELOKEN,ASPIRIN,ANAEMIA
2,1,SELOKEN,ASPIRIN,ANAEMIA
1,12,SELOKEN,ASPIRIN,DRUG INTERACTION
2,1,SELOKEN,ASPIRIN,DRUG INTERACTION
1,12,SELOKEN,ASPIRIN,MYOCARDIAL INFARCTION
1,7,SELOKEN,ASPIRIN,CHEST PAIN
1,6,SELOKEN,ASPIRIN,DIZZINESS
1,6,SELOKEN,ASPIRIN,DYSPNOEA
1,5,SELOKEN,ASPIRIN,CONFUSIONAL STATE
1,5,SELOKEN,ASPIRIN,FALL
1,9,SELOKEN,SIMVASTATIN,CHEST PAIN
1,8,SELOKEN,SIMVASTATIN,NAUSEA
1,7,SELOKEN,SIMVASTATIN,PYREXIA
1,5,SELOKEN,SIMVASTATIN,ANAEMIA
1,5,SELOKEN,SIMVASTATIN,ATRIAL FIBRILLATION
1,9,SELOKEN,SIMVASTATIN,CARDIAC FAILURE
1,5,SELOKEN,SIMVASTATIN,COUGH
1,5,SELOKEN,SIMVASTATIN,DIARRHOEA
1,5,SELOKEN,SIMVASTATIN,PAIN
1,5,SELOKEN,SIMVASTATIN,PAIN IN EXTREMITY
1,18,SELOKEN,TAHOR,DRUG INTERACTION
1,8,SELOKEN,TAHOR,DIARRHOEA
1,15,SELOKEN,TAHOR,ACUTE KIDNEY INJURY
1,6,SELOKEN,TAHOR,ANAEMIA
1,6,SELOKEN,TAHOR,THROMBOCYTOPENIA
1,5,SELOKEN,TAHOR,EOSINOPHILIA
1,5,SELOKEN,TAHOR,HYPERTHERMIA
1,5,SELOKEN,TAHOR,INTERNATIONAL NORMALISED RATIO INCREASED
1,5,SELOKEN,TAHOR,ABDOMINAL DISTENSION
1,4,SELOKEN,TAHOR,CONDITION AGGRAVATED
1,10,SELOKEN,TROMBYL,FATIGUE
1,14,SELOKEN,TROMBYL,CARDIAC FAILURE
1,7,SELOKEN,TROMBYL,ATRIAL FIBRILLATION
1,7,SELOKEN,TROMBYL,BRADYCARDIA
1,6,SELOKEN,TROMBYL,CEREBRAL HAEMORRHAGE
1,6,SELOKEN,TROMBYL,NAUSEA
1,6,SELOKEN,TROMBYL,PYREXIA
1,5,SELOKEN,TROMBYL,HYPOTENSION
1,5,SELOKEN,TROMBYL,OESOPHAGEAL CANDIDIASIS
1,5,SELOKEN,TROMBYL,THROMBOCYTOPENIA
1,6,SELOKEN,NORVASC,HYPERTENSIVE CRISIS
1,6,SELOKEN,NORVASC,THERAPY NON-RESPONDER
1,4,SELOKEN,NORVASC,ASTHENIA
1,4,SELOKEN,NORVASC,CHEST PAIN
1,4,SELOKEN,NORVASC,HYPERKALAEMIA
1,4,SELOKEN,NORVASC,NAUSEA
1,3,SELOKEN,NORVASC,ANAEMIA
1,3,SELOKEN,NORVASC,ARRHYTHMIA
1,3,SELOKEN,NORVASC,ATRIAL TACHYCARDIA
1,3,SELOKEN,NORVASC,AUTOIMMUNE HEPATITIS
1,1034,TOPROL-XL,TOPROL-XL,NAUSEA
2,696,TOPROL-XL,TOPROL-XL,NAUSEA
1,970,TOPROL-XL,TOPROL-XL,DIZZINESS
2,540,TOPROL-XL,TOPROL-XL,DIZZINESS
1,1166,TOPROL-XL,TOPROL-XL,DYSPNOEA
2,304,TOPROL-XL,TOPROL-XL,DYSPNOEA
1,1618,TOPROL-XL,TOPROL-XL,MYOCARDIAL INFARCTION
2,7,TOPROL-XL,TOPROL-XL,MYOCARDIAL INFARCTION
1,916,TOPROL-XL,TOPROL-XL,FATIGUE
2,457,TOPROL-XL,TOPROL-XL,FATIGUE
1,1578,TOPROL-XL,TOPROL-XL,DRUG INEFFECTIVE
2,1554,TOPROL-XL,TOPROL-XL,DRUG INEFFECTIVE
1,1002,TOPROL-XL,TOPROL-XL,PAIN
2,211,TOPROL-XL,TOPROL-XL,PAIN
1,625,TOPROL-XL,TOPROL-XL,HEADACHE
2,505,TOPROL-XL,TOPROL-XL,HEADACHE
1,723,TOPROL-XL,TOPROL-XL,DIARRHOEA
2,406,TOPROL-XL,TOPROL-XL,DIARRHOEA
1,890,TOPROL-XL,TOPROL-XL,ASTHENIA
2,213,TOPROL-XL,TOPROL-XL,ASTHENIA
2,187,TOPROL-XL,TOPROL XL,DRUG INEFFECTIVE
1,121,TOPROL-XL,TOPROL XL,DRUG INEFFECTIVE
2,66,TOPROL-XL,TOPROL XL,FATIGUE
1,64,TOPROL-XL,TOPROL XL,FATIGUE
2,74,TOPROL-XL,TOPROL XL,NAUSEA
1,49,TOPROL-XL,TOPROL XL,NAUSEA
1,75,TOPROL-XL,TOPROL XL,DYSPNOEA
2,32,TOPROL-XL,TOPROL XL,DYSPNOEA
1,60,TOPROL-XL,TOPROL XL,PAIN
2,35,TOPROL-XL,TOPROL XL,PAIN
1,54,TOPROL-XL,TOPROL XL,DIZZINESS
2,40,TOPROL-XL,TOPROL XL,DIZZINESS
2,53,TOPROL-XL,TOPROL XL,DIARRHOEA
1,38,TOPROL-XL,TOPROL XL,DIARRHOEA
2,59,TOPROL-XL,TOPROL XL,HEADACHE
1,32,TOPROL-XL,TOPROL XL,HEADACHE
2,143,TOPROL-XL,TOPROL XL,INJECTION SITE PAIN
1,20,TOPROL-XL,TOPROL XL,INJECTION SITE PAIN
2,42,TOPROL-XL,TOPROL XL,ARTHRALGIA
1,32,TOPROL-XL,TOPROL XL,ARTHRALGIA
1,74,TOPROL-XL,WELLBUTRIN XL,FATIGUE
2,41,TOPROL-XL,WELLBUTRIN XL,FATIGUE
1,90,TOPROL-XL,WELLBUTRIN XL,DEPRESSION
2,24,TOPROL-XL,WELLBUTRIN XL,DEPRESSION
1,74,TOPROL-XL,WELLBUTRIN XL,NAUSEA
2,38,TOPROL-XL,WELLBUTRIN XL,NAUSEA
1,87,TOPROL-XL,WELLBUTRIN XL,PAIN
2,20,TOPROL-XL,WELLBUTRIN XL,PAIN
1,119,TOPROL-XL,WELLBUTRIN XL,DRUG INEFFECTIVE
2,113,TOPROL-XL,WELLBUTRIN XL,DRUG INEFFECTIVE
1,79,TOPROL-XL,WELLBUTRIN XL,ANXIETY
2,24,TOPROL-XL,WELLBUTRIN XL,ANXIETY
1,48,TOPROL-XL,WELLBUTRIN XL,HEADACHE
2,46,TOPROL-XL,WELLBUTRIN XL,HEADACHE
1,58,TOPROL-XL,WELLBUTRIN XL,DIZZINESS
2,29,TOPROL-XL,WELLBUTRIN XL,DIZZINESS
1,47,TOPROL-XL,WELLBUTRIN XL,INSOMNIA
2,35,TOPROL-XL,WELLBUTRIN XL,INSOMNIA
1,68,TOPROL-XL,WELLBUTRIN XL,DYSPNOEA
2,13,TOPROL-XL,WELLBUTRIN XL,DYSPNOEA
1,747,TOPROL-XL,LIPITOR,MYOCARDIAL INFARCTION
2,1,TOPROL-XL,LIPITOR,MYOCARDIAL INFARCTION
1,363,TOPROL-XL,LIPITOR,NAUSEA
2,202,TOPROL-XL,LIPITOR,NAUSEA
1,404,TOPROL-XL,LIPITOR,FATIGUE
2,151,TOPROL-XL,LIPITOR,FATIGUE
1,430,TOPROL-XL,LIPITOR,DYSPNOEA
2,86,TOPROL-XL,LIPITOR,DYSPNOEA
1,398,TOPROL-XL,LIPITOR,PAIN
2,96,TOPROL-XL,LIPITOR,PAIN
1,574,TOPROL-XL,LIPITOR,DRUG INEFFECTIVE
2,513,TOPROL-XL,LIPITOR,DRUG INEFFECTIVE
1,337,TOPROL-XL,LIPITOR,DIZZINESS
2,143,TOPROL-XL,LIPITOR,DIZZINESS
1,254,TOPROL-XL,LIPITOR,DIARRHOEA
2,149,TOPROL-XL,LIPITOR,DIARRHOEA
1,316,TOPROL-XL,LIPITOR,ASTHENIA
2,67,TOPROL-XL,LIPITOR,ASTHENIA
1,434,TOPROL-XL,LIPITOR,CHEST PAIN
2,49,TOPROL-XL,LIPITOR,CHEST PAIN
1,499,TOPROL-XL,ASPIRIN,NAUSEA
2,213,TOPROL-XL,ASPIRIN,NAUSEA
1,558,TOPROL-XL,ASPIRIN,DYSPNOEA
2,93,TOPROL-XL,ASPIRIN,DYSPNOEA
1,433,TOPROL-XL,ASPIRIN,DIZZINESS
2,162,TOPROL-XL,ASPIRIN,DIZZINESS
1,745,TOPROL-XL,ASPIRIN,MYOCARDIAL INFARCTION
2,1,TOPROL-XL,ASPIRIN,MYOCARDIAL INFARCTION
1,443,TOPROL-XL,ASPIRIN,FATIGUE
2,117,TOPROL-XL,ASPIRIN,FATIGUE
1,451,TOPROL-XL,ASPIRIN,ASTHENIA
2,71,TOPROL-XL,ASPIRIN,ASTHENIA
1,622,TOPROL-XL,ASPIRIN,CHEST PAIN
2,62,TOPROL-XL,ASPIRIN,CHEST PAIN
1,418,TOPROL-XL,ASPIRIN,PAIN
2,79,TOPROL-XL,ASPIRIN,PAIN
1,323,TOPROL-XL,ASPIRIN,DIARRHOEA
2,121,TOPROL-XL,ASPIRIN,DIARRHOEA
1,624,TOPROL-XL,ASPIRIN,DRUG INEFFECTIVE
2,353,TOPROL-XL,ASPIRIN,DRUG INEFFECTIVE
1,1082,TOPROL-XL,PLAVIX,MYOCARDIAL INFARCTION
2,2,TOPROL-XL,PLAVIX,MYOCARDIAL INFARCTION
1,296,TOPROL-XL,PLAVIX,NAUSEA
2,139,TOPROL-XL,PLAVIX,NAUSEA
1,732,TOPROL-XL,PLAVIX,CORONARY ARTERY DISEASE
2,5,TOPROL-XL,PLAVIX,CORONARY ARTERY DISEASE
1,337,TOPROL-XL,PLAVIX,DYSPNOEA
2,71,TOPROL-XL,PLAVIX,DYSPNOEA
1,294,TOPROL-XL,PLAVIX,DIZZINESS
2,87,TOPROL-XL,PLAVIX,DIZZINESS
1,693,TOPROL-XL,PLAVIX,CARDIAC FAILURE CONGESTIVE
2,12,TOPROL-XL,PLAVIX,CARDIAC FAILURE CONGESTIVE
1,429,TOPROL-XL,PLAVIX,CHEST PAIN
2,36,TOPROL-XL,PLAVIX,CHEST PAIN
1,259,TOPROL-XL,PLAVIX,FATIGUE
2,89,TOPROL-XL,PLAVIX,FATIGUE
1,294,TOPROL-XL,PLAVIX,PAIN
2,42,TOPROL-XL,PLAVIX,PAIN
1,336,TOPROL-XL,PLAVIX,CEREBROVASCULAR ACCIDENT
2,1,TOPROL-XL,PLAVIX,CEREBROVASCULAR ACCIDENT
1,978,TOPROL-XL,LASIX,CARDIAC FAILURE CONGESTIVE
2,10,TOPROL-XL,LASIX,CARDIAC FAILURE CONGESTIVE
1,485,TOPROL-XL,LASIX,DYSPNOEA
2,78,TOPROL-XL,LASIX,DYSPNOEA
1,449,TOPROL-XL,LASIX,PAIN
2,49,TOPROL-XL,LASIX,PAIN
1,795,TOPROL-XL,LASIX,RENAL FAILURE
2,13,TOPROL-XL,LASIX,RENAL FAILURE
1,323,TOPROL-XL,LASIX,NAUSEA
2,101,TOPROL-XL,LASIX,NAUSEA
1,546,TOPROL-XL,LASIX,MYOCARDIAL INFARCTION
1,326,TOPROL-XL,LASIX,FATIGUE
2,82,TOPROL-XL,LASIX,FATIGUE
1,358,TOPROL-XL,LASIX,ANXIETY
2,19,TOPROL-XL,LASIX,ANXIETY
1,336,TOPROL-XL,LASIX,ASTHENIA
2,40,TOPROL-XL,LASIX,ASTHENIA
1,269,TOPROL-XL,LASIX,DIARRHOEA
2,82,TOPROL-XL,LASIX,DIARRHOEA
1,294,TOPROL-XL,SYNTHROID,NAUSEA
2,203,TOPROL-XL,SYNTHROID,NAUSEA
1,293,TOPROL-XL,SYNTHROID,FATIGUE
2,173,TOPROL-XL,SYNTHROID,FATIGUE
1,306,TOPROL-XL,SYNTHROID,DYSPNOEA
2,88,TOPROL-XL,SYNTHROID,DYSPNOEA
1,244,TOPROL-XL,SYNTHROID,DIARRHOEA
2,134,TOPROL-XL,SYNTHROID,DIARRHOEA
1,226,TOPROL-XL,SYNTHROID,DIZZINESS
2,143,TOPROL-XL,SYNTHROID,DIZZINESS
1,407,TOPROL-XL,SYNTHROID,DRUG INEFFECTIVE
2,377,TOPROL-XL,SYNTHROID,DRUG INEFFECTIVE
1,273,TOPROL-XL,SYNTHROID,ASTHENIA
2,75,TOPROL-XL,SYNTHROID,ASTHENIA
1,195,TOPROL-XL,SYNTHROID,HEADACHE
2,139,TOPROL-XL,SYNTHROID,HEADACHE
1,235,TOPROL-XL,SYNTHROID,PAIN
2,89,TOPROL-XL,SYNTHROID,PAIN
1,221,TOPROL-XL,SYNTHROID,FALL
2,25,TOPROL-XL,SYNTHROID,FALL
1,751,TOPROL-XL,NEXIUM,CHRONIC KIDNEY DISEASE
2,15,TOPROL-XL,NEXIUM,CHRONIC KIDNEY DISEASE
1,733,TOPROL-XL,NEXIUM,RENAL FAILURE
2,16,TOPROL-XL,NEXIUM,RENAL FAILURE
1,251,TOPROL-XL,NEXIUM,NAUSEA
2,161,TOPROL-XL,NEXIUM,NAUSEA
2,521,TOPROL-XL,NEXIUM,DRUG INEFFECTIVE
1,513,TOPROL-XL,NEXIUM,DRUG INEFFECTIVE
2,521,TOPROL-XL,NEXIUM,DRUG DOSE OMISSION
1,513,TOPROL-XL,NEXIUM,DRUG DOSE OMISSION
1,482,TOPROL-XL,NEXIUM,ACUTE KIDNEY INJURY
1,257,TOPROL-XL,NEXIUM,HYPERTENSION
2,88,TOPROL-XL,NEXIUM,HYPERTENSION
1,255,TOPROL-XL,NEXIUM,PAIN
2,84,TOPROL-XL,NEXIUM,PAIN
1,186,TOPROL-XL,NEXIUM,MALAISE
2,150,TOPROL-XL,NEXIUM,MALAISE
1,208,TOPROL-XL,NEXIUM,GASTROOESOPHAGEAL REFLUX DISEASE
2,118,TOPROL-XL,NEXIUM,GASTROOESOPHAGEAL REFLUX DISEASE
1,732,TOPROL-XL,ASPIRIN.,MYOCARDIAL INFARCTION
1,223,TOPROL-XL,ASPIRIN.,FATIGUE
2,137,TOPROL-XL,ASPIRIN.,FATIGUE
1,454,TOPROL-XL,ASPIRIN.,CARDIAC FAILURE CONGESTIVE
2,12,TOPROL-XL,ASPIRIN.,CARDIAC FAILURE CONGESTIVE
1,324,TOPROL-XL,ASPIRIN.,CHRONIC KIDNEY DISEASE
2,5,TOPROL-XL,ASPIRIN.,CHRONIC KIDNEY DISEASE
1,144,TOPROL-XL,ASPIRIN.,DIARRHOEA
2,113,TOPROL-XL,ASPIRIN.,DIARRHOEA
1,158,TOPROL-XL,ASPIRIN.,NAUSEA
2,88,TOPROL-XL,ASPIRIN.,NAUSEA
1,189,TOPROL-XL,ASPIRIN.,DYSPNOEA
2,52,TOPROL-XL,ASPIRIN.,DYSPNOEA
1,450,TOPROL-XL,ASPIRIN.,CORONARY ARTERY DISEASE
2,1,TOPROL-XL,ASPIRIN.,CORONARY ARTERY DISEASE
1,438,TOPROL-XL,ASPIRIN.,ACUTE KIDNEY INJURY
1,338,TOPROL-XL,ASPIRIN.,RENAL FAILURE
2,5,TOPROL-XL,ASPIRIN.,RENAL FAILURE
1,237,TOPROL-XL,NORVASC,NAUSEA
2,138,TOPROL-XL,NORVASC,NAUSEA
1,263,TOPROL-XL,NORVASC,FATIGUE
2,97,TOPROL-XL,NORVASC,FATIGUE
1,281,TOPROL-XL,NORVASC,PAIN
2,65,TOPROL-XL,NORVASC,PAIN
1,207,TOPROL-XL,NORVASC,DIZZINESS
2,91,TOPROL-XL,NORVASC,DIZZINESS
1,376,TOPROL-XL,NORVASC,DRUG INEFFECTIVE
2,275,TOPROL-XL,NORVASC,DRUG INEFFECTIVE
1,357,TOPROL-XL,NORVASC,MYOCARDIAL INFARCTION
1,231,TOPROL-XL,NORVASC,DYSPNOEA
2,51,TOPROL-XL,NORVASC,DYSPNOEA
1,193,TOPROL-XL,NORVASC,DIARRHOEA
2,88,TOPROL-XL,NORVASC,DIARRHOEA
1,218,TOPROL-XL,NORVASC,HYPERTENSION
2,34,TOPROL-XL,NORVASC,HYPERTENSION
1,160,TOPROL-XL,NORVASC,HEADACHE
2,89,TOPROL-XL,NORVASC,HEADACHE
